<rss version="2.0" xmlns:atom="http://www.w3.org/2005/Atom">
  <channel>
    <title>454 Bio – Protocols</title>
    <link>/docs/protocols/</link>
    <description>Recent content in Protocols on 454 Bio</description>
    <generator>Hugo -- gohugo.io</generator>
    <language>en</language>
    <lastBuildDate>Fri, 29 Dec 2023 00:00:00 +0000</lastBuildDate>
    
	  <atom:link href="/docs/protocols/index.xml" rel="self" type="application/rss+xml" />
    
    
      
        
      
    
    
    <item>
      <title>Docs: Library preparation</title>
      <link>/docs/protocols/library-prep/</link>
      <pubDate>Fri, 29 Dec 2023 00:00:00 +0000</pubDate>
      
      <guid>/docs/protocols/library-prep/</guid>
      <description>
        
        
        

&lt;div class=&#34;pageinfo pageinfo-primary&#34;&gt;
&lt;p&gt;This is a placeholder page. Replace it with your own content.&lt;/p&gt;

&lt;/div&gt;

&lt;p&gt;Text can be &lt;strong&gt;bold&lt;/strong&gt;, &lt;em&gt;italic&lt;/em&gt;, or &lt;del&gt;strikethrough&lt;/del&gt;. &lt;a href=&#34;https://gohugo.io&#34;&gt;Links&lt;/a&gt; should be blue with no underlines (unless hovered over).&lt;/p&gt;
&lt;p&gt;There should be whitespace between paragraphs. Vape migas chillwave sriracha poutine try-hard distillery. Tattooed shabby chic small batch, pabst art party heirloom letterpress air plant pop-up. Sustainable chia skateboard art party banjo cardigan normcore affogato vexillologist quinoa meggings man bun master cleanse shoreditch readymade. Yuccie prism four dollar toast tbh cardigan iPhone, tumblr listicle live-edge VHS. Pug lyft normcore hot chicken biodiesel, actually keffiyeh thundercats photo booth pour-over twee fam food truck microdosing banh mi. Vice activated charcoal raclette unicorn live-edge post-ironic. Heirloom vexillologist coloring book, beard deep v letterpress echo park humblebrag tilde.&lt;/p&gt;
&lt;p&gt;90&amp;rsquo;s four loko seitan photo booth gochujang freegan tumeric listicle fam ugh humblebrag. Bespoke leggings gastropub, biodiesel brunch pug fashion axe meh swag art party neutra deep v chia. Enamel pin fanny pack knausgaard tofu, artisan cronut hammock meditation occupy master cleanse chartreuse lumbersexual. Kombucha kogi viral truffaut synth distillery single-origin coffee ugh slow-carb marfa selfies. Pitchfork schlitz semiotics fanny pack, ugh artisan vegan vaporware hexagon. Polaroid fixie post-ironic venmo wolf ramps &lt;strong&gt;kale chips&lt;/strong&gt;.&lt;/p&gt;
&lt;blockquote&gt;
&lt;p&gt;There should be no margin above this first sentence.&lt;/p&gt;
&lt;p&gt;Blockquotes should be a lighter gray with a border along the left side in the secondary color.&lt;/p&gt;
&lt;p&gt;There should be no margin below this final sentence.&lt;/p&gt;
&lt;/blockquote&gt;
&lt;h2 id=&#34;first-header-2&#34;&gt;First Header 2&lt;/h2&gt;
&lt;p&gt;This is a normal paragraph following a header. Knausgaard kale chips snackwave microdosing cronut copper mug swag synth bitters letterpress glossier &lt;strong&gt;craft beer&lt;/strong&gt;. Mumblecore bushwick authentic gochujang vegan chambray meditation jean shorts irony. Viral farm-to-table kale chips, pork belly palo santo distillery activated charcoal aesthetic jianbing air plant woke lomo VHS organic. Tattooed locavore succulents heirloom, small batch sriracha echo park DIY af. Shaman you probably haven&amp;rsquo;t heard of them copper mug, crucifix green juice vape &lt;em&gt;single-origin coffee&lt;/em&gt; brunch actually. Mustache etsy vexillologist raclette authentic fam. Tousled beard humblebrag asymmetrical. I love turkey, I love my job, I love my friends, I love Chardonnay!&lt;/p&gt;
&lt;p&gt;Deae legum paulatimque terra, non vos mutata tacet: dic. Vocant docuique me plumas fila quin afuerunt copia haec o neque.&lt;/p&gt;
&lt;p&gt;On big screens, paragraphs and headings should not take up the full container width, but we want tables, code blocks and similar to take the full width.&lt;/p&gt;
&lt;p&gt;Scenester tumeric pickled, authentic crucifix post-ironic fam freegan VHS pork belly 8-bit yuccie PBR&amp;amp;B. &lt;strong&gt;I love this life we live in&lt;/strong&gt;.&lt;/p&gt;
&lt;h2 id=&#34;second-header-2&#34;&gt;Second Header 2&lt;/h2&gt;
&lt;blockquote&gt;
&lt;p&gt;This is a blockquote following a header. Bacon ipsum dolor sit amet t-bone doner shank drumstick, pork belly porchetta chuck sausage brisket ham hock rump pig. Chuck kielbasa leberkas, pork bresaola ham hock filet mignon cow shoulder short ribs biltong.&lt;/p&gt;
&lt;/blockquote&gt;
&lt;h3 id=&#34;header-3&#34;&gt;Header 3&lt;/h3&gt;
&lt;pre tabindex=&#34;0&#34;&gt;&lt;code&gt;This is a code block following a header.
&lt;/code&gt;&lt;/pre&gt;&lt;p&gt;Next level leggings before they sold out, PBR&amp;amp;B church-key shaman echo park. Kale chips occupy godard whatever pop-up freegan pork belly selfies. Gastropub Belinda subway tile woke post-ironic seitan. Shabby chic man bun semiotics vape, chia messenger bag plaid cardigan.&lt;/p&gt;
&lt;h4 id=&#34;header-4&#34;&gt;Header 4&lt;/h4&gt;
&lt;ul&gt;
&lt;li&gt;This is an unordered list following a header.&lt;/li&gt;
&lt;li&gt;This is an unordered list following a header.&lt;/li&gt;
&lt;li&gt;This is an unordered list following a header.&lt;/li&gt;
&lt;/ul&gt;
&lt;h5 id=&#34;header-5&#34;&gt;Header 5&lt;/h5&gt;
&lt;ol&gt;
&lt;li&gt;This is an ordered list following a header.&lt;/li&gt;
&lt;li&gt;This is an ordered list following a header.&lt;/li&gt;
&lt;li&gt;This is an ordered list following a header.&lt;/li&gt;
&lt;/ol&gt;
&lt;h6 id=&#34;header-6&#34;&gt;Header 6&lt;/h6&gt;
&lt;table&gt;
&lt;thead&gt;
&lt;tr&gt;
&lt;th&gt;What&lt;/th&gt;
&lt;th&gt;Follows&lt;/th&gt;
&lt;/tr&gt;
&lt;/thead&gt;
&lt;tbody&gt;
&lt;tr&gt;
&lt;td&gt;A table&lt;/td&gt;
&lt;td&gt;A header&lt;/td&gt;
&lt;/tr&gt;
&lt;tr&gt;
&lt;td&gt;A table&lt;/td&gt;
&lt;td&gt;A header&lt;/td&gt;
&lt;/tr&gt;
&lt;tr&gt;
&lt;td&gt;A table&lt;/td&gt;
&lt;td&gt;A header&lt;/td&gt;
&lt;/tr&gt;
&lt;/tbody&gt;
&lt;/table&gt;
&lt;hr&gt;
&lt;p&gt;There&amp;rsquo;s a horizontal rule above and below this.&lt;/p&gt;
&lt;hr&gt;
&lt;p&gt;Here is an unordered list:&lt;/p&gt;
&lt;ul&gt;
&lt;li&gt;Liverpool F.C.&lt;/li&gt;
&lt;li&gt;Chelsea F.C.&lt;/li&gt;
&lt;li&gt;Manchester United F.C.&lt;/li&gt;
&lt;/ul&gt;
&lt;p&gt;And an ordered list:&lt;/p&gt;
&lt;ol&gt;
&lt;li&gt;Michael Brecker&lt;/li&gt;
&lt;li&gt;Seamus Blake&lt;/li&gt;
&lt;li&gt;Branford Marsalis&lt;/li&gt;
&lt;/ol&gt;
&lt;p&gt;And an unordered task list:&lt;/p&gt;
&lt;ul&gt;
&lt;li&gt;&lt;input checked=&#34;&#34; disabled=&#34;&#34; type=&#34;checkbox&#34;&gt; Create a Hugo theme&lt;/li&gt;
&lt;li&gt;&lt;input checked=&#34;&#34; disabled=&#34;&#34; type=&#34;checkbox&#34;&gt; Add task lists to it&lt;/li&gt;
&lt;li&gt;&lt;input disabled=&#34;&#34; type=&#34;checkbox&#34;&gt; Take a vacation&lt;/li&gt;
&lt;/ul&gt;
&lt;p&gt;And a &amp;ldquo;mixed&amp;rdquo; task list:&lt;/p&gt;
&lt;ul&gt;
&lt;li&gt;&lt;input disabled=&#34;&#34; type=&#34;checkbox&#34;&gt; Pack bags&lt;/li&gt;
&lt;li&gt;?&lt;/li&gt;
&lt;li&gt;&lt;input disabled=&#34;&#34; type=&#34;checkbox&#34;&gt; Travel!&lt;/li&gt;
&lt;/ul&gt;
&lt;p&gt;And a nested list:&lt;/p&gt;
&lt;ul&gt;
&lt;li&gt;Jackson 5
&lt;ul&gt;
&lt;li&gt;Michael&lt;/li&gt;
&lt;li&gt;Tito&lt;/li&gt;
&lt;li&gt;Jackie&lt;/li&gt;
&lt;li&gt;Marlon&lt;/li&gt;
&lt;li&gt;Jermaine&lt;/li&gt;
&lt;/ul&gt;
&lt;/li&gt;
&lt;li&gt;TMNT
&lt;ul&gt;
&lt;li&gt;Leonardo&lt;/li&gt;
&lt;li&gt;Michelangelo&lt;/li&gt;
&lt;li&gt;Donatello&lt;/li&gt;
&lt;li&gt;Raphael&lt;/li&gt;
&lt;/ul&gt;
&lt;/li&gt;
&lt;/ul&gt;
&lt;p&gt;Definition lists can be used with Markdown syntax. Definition headers are bold.&lt;/p&gt;
&lt;dl&gt;
&lt;dt&gt;Name&lt;/dt&gt;
&lt;dd&gt;Godzilla&lt;/dd&gt;
&lt;dt&gt;Born&lt;/dt&gt;
&lt;dd&gt;1952&lt;/dd&gt;
&lt;dt&gt;Birthplace&lt;/dt&gt;
&lt;dd&gt;Japan&lt;/dd&gt;
&lt;dt&gt;Color&lt;/dt&gt;
&lt;dd&gt;Green&lt;/dd&gt;
&lt;/dl&gt;
&lt;hr&gt;
&lt;p&gt;Tables should have bold headings and alternating shaded rows.&lt;/p&gt;
&lt;table&gt;
&lt;thead&gt;
&lt;tr&gt;
&lt;th&gt;Artist&lt;/th&gt;
&lt;th&gt;Album&lt;/th&gt;
&lt;th&gt;Year&lt;/th&gt;
&lt;/tr&gt;
&lt;/thead&gt;
&lt;tbody&gt;
&lt;tr&gt;
&lt;td&gt;Michael Jackson&lt;/td&gt;
&lt;td&gt;Thriller&lt;/td&gt;
&lt;td&gt;1982&lt;/td&gt;
&lt;/tr&gt;
&lt;tr&gt;
&lt;td&gt;Prince&lt;/td&gt;
&lt;td&gt;Purple Rain&lt;/td&gt;
&lt;td&gt;1984&lt;/td&gt;
&lt;/tr&gt;
&lt;tr&gt;
&lt;td&gt;Beastie Boys&lt;/td&gt;
&lt;td&gt;License to Ill&lt;/td&gt;
&lt;td&gt;1986&lt;/td&gt;
&lt;/tr&gt;
&lt;/tbody&gt;
&lt;/table&gt;
&lt;p&gt;If a table is too wide, it should scroll horizontally.&lt;/p&gt;
&lt;table&gt;
&lt;thead&gt;
&lt;tr&gt;
&lt;th&gt;Artist&lt;/th&gt;
&lt;th&gt;Album&lt;/th&gt;
&lt;th&gt;Year&lt;/th&gt;
&lt;th&gt;Label&lt;/th&gt;
&lt;th&gt;Awards&lt;/th&gt;
&lt;th&gt;Songs&lt;/th&gt;
&lt;/tr&gt;
&lt;/thead&gt;
&lt;tbody&gt;
&lt;tr&gt;
&lt;td&gt;Michael Jackson&lt;/td&gt;
&lt;td&gt;Thriller&lt;/td&gt;
&lt;td&gt;1982&lt;/td&gt;
&lt;td&gt;Epic Records&lt;/td&gt;
&lt;td&gt;Grammy Award for Album of the Year, American Music Award for Favorite Pop/Rock Album, American Music Award for Favorite Soul/R&amp;amp;B Album, Brit Award for Best Selling Album, Grammy Award for Best Engineered Album, Non-Classical&lt;/td&gt;
&lt;td&gt;Wanna Be Startin&amp;rsquo; Somethin&amp;rsquo;, Baby Be Mine, The Girl Is Mine, Thriller, Beat It, Billie Jean, Human Nature, P.Y.T. (Pretty Young Thing), The Lady in My Life&lt;/td&gt;
&lt;/tr&gt;
&lt;tr&gt;
&lt;td&gt;Prince&lt;/td&gt;
&lt;td&gt;Purple Rain&lt;/td&gt;
&lt;td&gt;1984&lt;/td&gt;
&lt;td&gt;Warner Brothers Records&lt;/td&gt;
&lt;td&gt;Grammy Award for Best Score Soundtrack for Visual Media, American Music Award for Favorite Pop/Rock Album, American Music Award for Favorite Soul/R&amp;amp;B Album, Brit Award for Best Soundtrack/Cast Recording, Grammy Award for Best Rock Performance by a Duo or Group with Vocal&lt;/td&gt;
&lt;td&gt;Let&amp;rsquo;s Go Crazy, Take Me With U, The Beautiful Ones, Computer Blue, Darling Nikki, When Doves Cry, I Would Die 4 U, Baby I&amp;rsquo;m a Star, Purple Rain&lt;/td&gt;
&lt;/tr&gt;
&lt;tr&gt;
&lt;td&gt;Beastie Boys&lt;/td&gt;
&lt;td&gt;License to Ill&lt;/td&gt;
&lt;td&gt;1986&lt;/td&gt;
&lt;td&gt;Mercury Records&lt;/td&gt;
&lt;td&gt;noawardsbutthistablecelliswide&lt;/td&gt;
&lt;td&gt;Rhymin &amp;amp; Stealin, The New Style, She&amp;rsquo;s Crafty, Posse in Effect, Slow Ride, Girls, (You Gotta) Fight for Your Right, No Sleep Till Brooklyn, Paul Revere, Hold It Now, Hit It, Brass Monkey, Slow and Low, Time to Get Ill&lt;/td&gt;
&lt;/tr&gt;
&lt;/tbody&gt;
&lt;/table&gt;
&lt;hr&gt;
&lt;p&gt;Code snippets like &lt;code&gt;var foo = &amp;quot;bar&amp;quot;;&lt;/code&gt; can be shown inline.&lt;/p&gt;
&lt;p&gt;Also, &lt;code&gt;this should vertically align&lt;/code&gt; &lt;del&gt;&lt;code&gt;with this&lt;/code&gt;&lt;/del&gt; &lt;del&gt;and this&lt;/del&gt;.&lt;/p&gt;
&lt;p&gt;Code can also be shown in a block element.&lt;/p&gt;
&lt;pre tabindex=&#34;0&#34;&gt;&lt;code&gt;foo := &amp;#34;bar&amp;#34;;
bar := &amp;#34;foo&amp;#34;;
&lt;/code&gt;&lt;/pre&gt;&lt;p&gt;Code can also use syntax highlighting.&lt;/p&gt;
&lt;div class=&#34;highlight&#34;&gt;&lt;pre tabindex=&#34;0&#34; style=&#34;background-color:#f8f8f8;-moz-tab-size:4;-o-tab-size:4;tab-size:4;&#34;&gt;&lt;code class=&#34;language-go&#34; data-lang=&#34;go&#34;&gt;&lt;span style=&#34;display:flex;&#34;&gt;&lt;span&gt;&lt;span style=&#34;color:#204a87;font-weight:bold&#34;&gt;func&lt;/span&gt; &lt;span style=&#34;color:#000&#34;&gt;main&lt;/span&gt;&lt;span style=&#34;color:#000;font-weight:bold&#34;&gt;()&lt;/span&gt; &lt;span style=&#34;color:#000;font-weight:bold&#34;&gt;{&lt;/span&gt;
&lt;/span&gt;&lt;/span&gt;&lt;span style=&#34;display:flex;&#34;&gt;&lt;span&gt;  &lt;span style=&#34;color:#000&#34;&gt;input&lt;/span&gt; &lt;span style=&#34;color:#ce5c00;font-weight:bold&#34;&gt;:=&lt;/span&gt; &lt;span style=&#34;color:#4e9a06&#34;&gt;`var foo = &amp;#34;bar&amp;#34;;`&lt;/span&gt;
&lt;/span&gt;&lt;/span&gt;&lt;span style=&#34;display:flex;&#34;&gt;&lt;span&gt;
&lt;/span&gt;&lt;/span&gt;&lt;span style=&#34;display:flex;&#34;&gt;&lt;span&gt;  &lt;span style=&#34;color:#000&#34;&gt;lexer&lt;/span&gt; &lt;span style=&#34;color:#ce5c00;font-weight:bold&#34;&gt;:=&lt;/span&gt; &lt;span style=&#34;color:#000&#34;&gt;lexers&lt;/span&gt;&lt;span style=&#34;color:#000;font-weight:bold&#34;&gt;.&lt;/span&gt;&lt;span style=&#34;color:#000&#34;&gt;Get&lt;/span&gt;&lt;span style=&#34;color:#000;font-weight:bold&#34;&gt;(&lt;/span&gt;&lt;span style=&#34;color:#4e9a06&#34;&gt;&amp;#34;javascript&amp;#34;&lt;/span&gt;&lt;span style=&#34;color:#000;font-weight:bold&#34;&gt;)&lt;/span&gt;
&lt;/span&gt;&lt;/span&gt;&lt;span style=&#34;display:flex;&#34;&gt;&lt;span&gt;  &lt;span style=&#34;color:#000&#34;&gt;iterator&lt;/span&gt;&lt;span style=&#34;color:#000;font-weight:bold&#34;&gt;,&lt;/span&gt; &lt;span style=&#34;color:#000&#34;&gt;_&lt;/span&gt; &lt;span style=&#34;color:#ce5c00;font-weight:bold&#34;&gt;:=&lt;/span&gt; &lt;span style=&#34;color:#000&#34;&gt;lexer&lt;/span&gt;&lt;span style=&#34;color:#000;font-weight:bold&#34;&gt;.&lt;/span&gt;&lt;span style=&#34;color:#000&#34;&gt;Tokenise&lt;/span&gt;&lt;span style=&#34;color:#000;font-weight:bold&#34;&gt;(&lt;/span&gt;&lt;span style=&#34;color:#204a87;font-weight:bold&#34;&gt;nil&lt;/span&gt;&lt;span style=&#34;color:#000;font-weight:bold&#34;&gt;,&lt;/span&gt; &lt;span style=&#34;color:#000&#34;&gt;input&lt;/span&gt;&lt;span style=&#34;color:#000;font-weight:bold&#34;&gt;)&lt;/span&gt;
&lt;/span&gt;&lt;/span&gt;&lt;span style=&#34;display:flex;&#34;&gt;&lt;span&gt;  &lt;span style=&#34;color:#000&#34;&gt;style&lt;/span&gt; &lt;span style=&#34;color:#ce5c00;font-weight:bold&#34;&gt;:=&lt;/span&gt; &lt;span style=&#34;color:#000&#34;&gt;styles&lt;/span&gt;&lt;span style=&#34;color:#000;font-weight:bold&#34;&gt;.&lt;/span&gt;&lt;span style=&#34;color:#000&#34;&gt;Get&lt;/span&gt;&lt;span style=&#34;color:#000;font-weight:bold&#34;&gt;(&lt;/span&gt;&lt;span style=&#34;color:#4e9a06&#34;&gt;&amp;#34;github&amp;#34;&lt;/span&gt;&lt;span style=&#34;color:#000;font-weight:bold&#34;&gt;)&lt;/span&gt;
&lt;/span&gt;&lt;/span&gt;&lt;span style=&#34;display:flex;&#34;&gt;&lt;span&gt;  &lt;span style=&#34;color:#000&#34;&gt;formatter&lt;/span&gt; &lt;span style=&#34;color:#ce5c00;font-weight:bold&#34;&gt;:=&lt;/span&gt; &lt;span style=&#34;color:#000&#34;&gt;html&lt;/span&gt;&lt;span style=&#34;color:#000;font-weight:bold&#34;&gt;.&lt;/span&gt;&lt;span style=&#34;color:#000&#34;&gt;New&lt;/span&gt;&lt;span style=&#34;color:#000;font-weight:bold&#34;&gt;(&lt;/span&gt;&lt;span style=&#34;color:#000&#34;&gt;html&lt;/span&gt;&lt;span style=&#34;color:#000;font-weight:bold&#34;&gt;.&lt;/span&gt;&lt;span style=&#34;color:#000&#34;&gt;WithLineNumbers&lt;/span&gt;&lt;span style=&#34;color:#000;font-weight:bold&#34;&gt;())&lt;/span&gt;
&lt;/span&gt;&lt;/span&gt;&lt;span style=&#34;display:flex;&#34;&gt;&lt;span&gt;
&lt;/span&gt;&lt;/span&gt;&lt;span style=&#34;display:flex;&#34;&gt;&lt;span&gt;  &lt;span style=&#34;color:#204a87;font-weight:bold&#34;&gt;var&lt;/span&gt; &lt;span style=&#34;color:#000&#34;&gt;buff&lt;/span&gt; &lt;span style=&#34;color:#000&#34;&gt;bytes&lt;/span&gt;&lt;span style=&#34;color:#000;font-weight:bold&#34;&gt;.&lt;/span&gt;&lt;span style=&#34;color:#000&#34;&gt;Buffer&lt;/span&gt;
&lt;/span&gt;&lt;/span&gt;&lt;span style=&#34;display:flex;&#34;&gt;&lt;span&gt;  &lt;span style=&#34;color:#000&#34;&gt;formatter&lt;/span&gt;&lt;span style=&#34;color:#000;font-weight:bold&#34;&gt;.&lt;/span&gt;&lt;span style=&#34;color:#000&#34;&gt;Format&lt;/span&gt;&lt;span style=&#34;color:#000;font-weight:bold&#34;&gt;(&lt;/span&gt;&lt;span style=&#34;color:#ce5c00;font-weight:bold&#34;&gt;&amp;amp;&lt;/span&gt;&lt;span style=&#34;color:#000&#34;&gt;buff&lt;/span&gt;&lt;span style=&#34;color:#000;font-weight:bold&#34;&gt;,&lt;/span&gt; &lt;span style=&#34;color:#000&#34;&gt;style&lt;/span&gt;&lt;span style=&#34;color:#000;font-weight:bold&#34;&gt;,&lt;/span&gt; &lt;span style=&#34;color:#000&#34;&gt;iterator&lt;/span&gt;&lt;span style=&#34;color:#000;font-weight:bold&#34;&gt;)&lt;/span&gt;
&lt;/span&gt;&lt;/span&gt;&lt;span style=&#34;display:flex;&#34;&gt;&lt;span&gt;
&lt;/span&gt;&lt;/span&gt;&lt;span style=&#34;display:flex;&#34;&gt;&lt;span&gt;  &lt;span style=&#34;color:#000&#34;&gt;fmt&lt;/span&gt;&lt;span style=&#34;color:#000;font-weight:bold&#34;&gt;.&lt;/span&gt;&lt;span style=&#34;color:#000&#34;&gt;Println&lt;/span&gt;&lt;span style=&#34;color:#000;font-weight:bold&#34;&gt;(&lt;/span&gt;&lt;span style=&#34;color:#000&#34;&gt;buff&lt;/span&gt;&lt;span style=&#34;color:#000;font-weight:bold&#34;&gt;.&lt;/span&gt;&lt;span style=&#34;color:#000&#34;&gt;String&lt;/span&gt;&lt;span style=&#34;color:#000;font-weight:bold&#34;&gt;())&lt;/span&gt;
&lt;/span&gt;&lt;/span&gt;&lt;span style=&#34;display:flex;&#34;&gt;&lt;span&gt;&lt;span style=&#34;color:#000;font-weight:bold&#34;&gt;}&lt;/span&gt;
&lt;/span&gt;&lt;/span&gt;&lt;/code&gt;&lt;/pre&gt;&lt;/div&gt;&lt;pre tabindex=&#34;0&#34;&gt;&lt;code&gt;Long, single-line code blocks should not wrap. They should horizontally scroll if they are too long. This line should be long enough to demonstrate this.
&lt;/code&gt;&lt;/pre&gt;&lt;p&gt;Inline code inside table cells should still be distinguishable.&lt;/p&gt;
&lt;table&gt;
&lt;thead&gt;
&lt;tr&gt;
&lt;th&gt;Language&lt;/th&gt;
&lt;th&gt;Code&lt;/th&gt;
&lt;/tr&gt;
&lt;/thead&gt;
&lt;tbody&gt;
&lt;tr&gt;
&lt;td&gt;Javascript&lt;/td&gt;
&lt;td&gt;&lt;code&gt;var foo = &amp;quot;bar&amp;quot;;&lt;/code&gt;&lt;/td&gt;
&lt;/tr&gt;
&lt;tr&gt;
&lt;td&gt;Ruby&lt;/td&gt;
&lt;td&gt;&lt;code&gt;foo = &amp;quot;bar&amp;quot;{&lt;/code&gt;&lt;/td&gt;
&lt;/tr&gt;
&lt;/tbody&gt;
&lt;/table&gt;
&lt;hr&gt;
&lt;p&gt;Small images should be shown at their actual size.&lt;/p&gt;
&lt;p&gt;&lt;img src=&#34;https://upload.wikimedia.org/wikipedia/commons/thumb/9/9e/Picea_abies_shoot_with_buds%2C_Sogndal%2C_Norway.jpg/240px-Picea_abies_shoot_with_buds%2C_Sogndal%2C_Norway.jpg&#34; alt=&#34;&#34;&gt;&lt;/p&gt;
&lt;p&gt;Large images should always scale down and fit in the content container.&lt;/p&gt;
&lt;p&gt;&lt;img src=&#34;https://upload.wikimedia.org/wikipedia/commons/thumb/9/9e/Picea_abies_shoot_with_buds%2C_Sogndal%2C_Norway.jpg/1024px-Picea_abies_shoot_with_buds%2C_Sogndal%2C_Norway.jpg&#34; alt=&#34;&#34;&gt;&lt;/p&gt;
&lt;p&gt;&lt;em&gt;The photo above of the Spruce Picea abies shoot with foliage buds: Bjørn Erik Pedersen, CC-BY-SA.&lt;/em&gt;&lt;/p&gt;
&lt;h2 id=&#34;components&#34;&gt;Components&lt;/h2&gt;
&lt;h3 id=&#34;alerts&#34;&gt;Alerts&lt;/h3&gt;
&lt;p&gt;

&lt;div class=&#34;alert alert-primary&#34; role=&#34;alert&#34;&gt;


    This is an alert.

&lt;/div&gt;



&lt;div class=&#34;alert alert-primary&#34; role=&#34;alert&#34;&gt;
&lt;h4 class=&#34;alert-heading&#34;&gt;Note&lt;/h4&gt;

    This is an alert with a title.

&lt;/div&gt;



&lt;div class=&#34;alert alert-primary&#34; role=&#34;alert&#34;&gt;
&lt;h4 class=&#34;alert-heading&#34;&gt;Note&lt;/h4&gt;

    This is an alert with a title and &lt;strong&gt;Markdown&lt;/strong&gt;.

&lt;/div&gt;



&lt;div class=&#34;alert alert-success&#34; role=&#34;alert&#34;&gt;


    This is a successful alert.

&lt;/div&gt;



&lt;div class=&#34;alert alert-warning&#34; role=&#34;alert&#34;&gt;


    This is a warning.

&lt;/div&gt;



&lt;div class=&#34;alert alert-warning&#34; role=&#34;alert&#34;&gt;
&lt;h4 class=&#34;alert-heading&#34;&gt;Warning&lt;/h4&gt;

    This is a warning with a title.

&lt;/div&gt;
&lt;/p&gt;
&lt;h2 id=&#34;another-heading&#34;&gt;Another Heading&lt;/h2&gt;
&lt;p&gt;Add some sections here to see how the ToC looks like. Bacon ipsum dolor sit amet t-bone doner shank drumstick, pork belly porchetta chuck sausage brisket ham hock rump pig. Chuck kielbasa leberkas, pork bresaola ham hock filet mignon cow shoulder short ribs biltong.&lt;/p&gt;
&lt;h3 id=&#34;this-document&#34;&gt;This Document&lt;/h3&gt;
&lt;p&gt;Inguina genus: Anaphen post: lingua violente voce suae meus aetate diversi. Orbis unam nec flammaeque status deam Silenum erat et a ferrea. Excitus rigidum ait: vestro et Herculis convicia: nitidae deseruit coniuge Proteaque adiciam &lt;em&gt;eripitur&lt;/em&gt;? Sitim noceat signa &lt;em&gt;probat quidem&lt;/em&gt;. Sua longis &lt;em&gt;fugatis&lt;/em&gt; quidem genae.&lt;/p&gt;
&lt;h3 id=&#34;pixel-count&#34;&gt;Pixel Count&lt;/h3&gt;
&lt;p&gt;Tilde photo booth wayfarers cliche lomo intelligentsia man braid kombucha vaporware farm-to-table mixtape portland. PBR&amp;amp;B pickled cornhole ugh try-hard ethical subway tile. Fixie paleo intelligentsia pabst. Ennui waistcoat vinyl gochujang. Poutine salvia authentic affogato, chambray lumbersexual shabby chic.&lt;/p&gt;
&lt;h3 id=&#34;contact-info&#34;&gt;Contact Info&lt;/h3&gt;
&lt;p&gt;Plaid hell of cred microdosing, succulents tilde pour-over. Offal shabby chic 3 wolf moon blue bottle raw denim normcore poutine pork belly.&lt;/p&gt;
&lt;h3 id=&#34;external-links&#34;&gt;External Links&lt;/h3&gt;
&lt;p&gt;Stumptown PBR&amp;amp;B keytar plaid street art, forage XOXO pitchfork selvage affogato green juice listicle pickled everyday carry hashtag. Organic sustainable letterpress sartorial scenester intelligentsia swag bushwick. Put a bird on it stumptown neutra locavore. IPhone typewriter messenger bag narwhal. Ennui cold-pressed seitan flannel keytar, single-origin coffee adaptogen occupy yuccie williamsburg chillwave shoreditch forage waistcoat.&lt;/p&gt;
&lt;pre tabindex=&#34;0&#34;&gt;&lt;code&gt;This is the final element on the page and there should be no margin below this.
&lt;/code&gt;&lt;/pre&gt;
      </description>
    </item>
    
    <item>
      <title>Docs: Substrate preparation</title>
      <link>/docs/protocols/substrate-prep/</link>
      <pubDate>Fri, 29 Dec 2023 00:00:00 +0000</pubDate>
      
      <guid>/docs/protocols/substrate-prep/</guid>
      <description>
        
        
        

&lt;div class=&#34;pageinfo pageinfo-primary&#34;&gt;
&lt;p&gt;This is a placeholder page. Replace it with your own content.&lt;/p&gt;

&lt;/div&gt;

&lt;p&gt;Text can be &lt;strong&gt;bold&lt;/strong&gt;, &lt;em&gt;italic&lt;/em&gt;, or &lt;del&gt;strikethrough&lt;/del&gt;. &lt;a href=&#34;https://gohugo.io&#34;&gt;Links&lt;/a&gt; should be blue with no underlines (unless hovered over).&lt;/p&gt;
&lt;p&gt;There should be whitespace between paragraphs. Vape migas chillwave sriracha poutine try-hard distillery. Tattooed shabby chic small batch, pabst art party heirloom letterpress air plant pop-up. Sustainable chia skateboard art party banjo cardigan normcore affogato vexillologist quinoa meggings man bun master cleanse shoreditch readymade. Yuccie prism four dollar toast tbh cardigan iPhone, tumblr listicle live-edge VHS. Pug lyft normcore hot chicken biodiesel, actually keffiyeh thundercats photo booth pour-over twee fam food truck microdosing banh mi. Vice activated charcoal raclette unicorn live-edge post-ironic. Heirloom vexillologist coloring book, beard deep v letterpress echo park humblebrag tilde.&lt;/p&gt;
&lt;p&gt;90&amp;rsquo;s four loko seitan photo booth gochujang freegan tumeric listicle fam ugh humblebrag. Bespoke leggings gastropub, biodiesel brunch pug fashion axe meh swag art party neutra deep v chia. Enamel pin fanny pack knausgaard tofu, artisan cronut hammock meditation occupy master cleanse chartreuse lumbersexual. Kombucha kogi viral truffaut synth distillery single-origin coffee ugh slow-carb marfa selfies. Pitchfork schlitz semiotics fanny pack, ugh artisan vegan vaporware hexagon. Polaroid fixie post-ironic venmo wolf ramps &lt;strong&gt;kale chips&lt;/strong&gt;.&lt;/p&gt;
&lt;blockquote&gt;
&lt;p&gt;There should be no margin above this first sentence.&lt;/p&gt;
&lt;p&gt;Blockquotes should be a lighter gray with a border along the left side in the secondary color.&lt;/p&gt;
&lt;p&gt;There should be no margin below this final sentence.&lt;/p&gt;
&lt;/blockquote&gt;
&lt;h2 id=&#34;first-header-2&#34;&gt;First Header 2&lt;/h2&gt;
&lt;p&gt;This is a normal paragraph following a header. Knausgaard kale chips snackwave microdosing cronut copper mug swag synth bitters letterpress glossier &lt;strong&gt;craft beer&lt;/strong&gt;. Mumblecore bushwick authentic gochujang vegan chambray meditation jean shorts irony. Viral farm-to-table kale chips, pork belly palo santo distillery activated charcoal aesthetic jianbing air plant woke lomo VHS organic. Tattooed locavore succulents heirloom, small batch sriracha echo park DIY af. Shaman you probably haven&amp;rsquo;t heard of them copper mug, crucifix green juice vape &lt;em&gt;single-origin coffee&lt;/em&gt; brunch actually. Mustache etsy vexillologist raclette authentic fam. Tousled beard humblebrag asymmetrical. I love turkey, I love my job, I love my friends, I love Chardonnay!&lt;/p&gt;
&lt;p&gt;Deae legum paulatimque terra, non vos mutata tacet: dic. Vocant docuique me plumas fila quin afuerunt copia haec o neque.&lt;/p&gt;
&lt;p&gt;On big screens, paragraphs and headings should not take up the full container width, but we want tables, code blocks and similar to take the full width.&lt;/p&gt;
&lt;p&gt;Scenester tumeric pickled, authentic crucifix post-ironic fam freegan VHS pork belly 8-bit yuccie PBR&amp;amp;B. &lt;strong&gt;I love this life we live in&lt;/strong&gt;.&lt;/p&gt;
&lt;h2 id=&#34;second-header-2&#34;&gt;Second Header 2&lt;/h2&gt;
&lt;blockquote&gt;
&lt;p&gt;This is a blockquote following a header. Bacon ipsum dolor sit amet t-bone doner shank drumstick, pork belly porchetta chuck sausage brisket ham hock rump pig. Chuck kielbasa leberkas, pork bresaola ham hock filet mignon cow shoulder short ribs biltong.&lt;/p&gt;
&lt;/blockquote&gt;
&lt;h3 id=&#34;header-3&#34;&gt;Header 3&lt;/h3&gt;
&lt;pre tabindex=&#34;0&#34;&gt;&lt;code&gt;This is a code block following a header.
&lt;/code&gt;&lt;/pre&gt;&lt;p&gt;Next level leggings before they sold out, PBR&amp;amp;B church-key shaman echo park. Kale chips occupy godard whatever pop-up freegan pork belly selfies. Gastropub Belinda subway tile woke post-ironic seitan. Shabby chic man bun semiotics vape, chia messenger bag plaid cardigan.&lt;/p&gt;
&lt;h4 id=&#34;header-4&#34;&gt;Header 4&lt;/h4&gt;
&lt;ul&gt;
&lt;li&gt;This is an unordered list following a header.&lt;/li&gt;
&lt;li&gt;This is an unordered list following a header.&lt;/li&gt;
&lt;li&gt;This is an unordered list following a header.&lt;/li&gt;
&lt;/ul&gt;
&lt;h5 id=&#34;header-5&#34;&gt;Header 5&lt;/h5&gt;
&lt;ol&gt;
&lt;li&gt;This is an ordered list following a header.&lt;/li&gt;
&lt;li&gt;This is an ordered list following a header.&lt;/li&gt;
&lt;li&gt;This is an ordered list following a header.&lt;/li&gt;
&lt;/ol&gt;
&lt;h6 id=&#34;header-6&#34;&gt;Header 6&lt;/h6&gt;
&lt;table&gt;
&lt;thead&gt;
&lt;tr&gt;
&lt;th&gt;What&lt;/th&gt;
&lt;th&gt;Follows&lt;/th&gt;
&lt;/tr&gt;
&lt;/thead&gt;
&lt;tbody&gt;
&lt;tr&gt;
&lt;td&gt;A table&lt;/td&gt;
&lt;td&gt;A header&lt;/td&gt;
&lt;/tr&gt;
&lt;tr&gt;
&lt;td&gt;A table&lt;/td&gt;
&lt;td&gt;A header&lt;/td&gt;
&lt;/tr&gt;
&lt;tr&gt;
&lt;td&gt;A table&lt;/td&gt;
&lt;td&gt;A header&lt;/td&gt;
&lt;/tr&gt;
&lt;/tbody&gt;
&lt;/table&gt;
&lt;hr&gt;
&lt;p&gt;There&amp;rsquo;s a horizontal rule above and below this.&lt;/p&gt;
&lt;hr&gt;
&lt;p&gt;Here is an unordered list:&lt;/p&gt;
&lt;ul&gt;
&lt;li&gt;Liverpool F.C.&lt;/li&gt;
&lt;li&gt;Chelsea F.C.&lt;/li&gt;
&lt;li&gt;Manchester United F.C.&lt;/li&gt;
&lt;/ul&gt;
&lt;p&gt;And an ordered list:&lt;/p&gt;
&lt;ol&gt;
&lt;li&gt;Michael Brecker&lt;/li&gt;
&lt;li&gt;Seamus Blake&lt;/li&gt;
&lt;li&gt;Branford Marsalis&lt;/li&gt;
&lt;/ol&gt;
&lt;p&gt;And an unordered task list:&lt;/p&gt;
&lt;ul&gt;
&lt;li&gt;&lt;input checked=&#34;&#34; disabled=&#34;&#34; type=&#34;checkbox&#34;&gt; Create a Hugo theme&lt;/li&gt;
&lt;li&gt;&lt;input checked=&#34;&#34; disabled=&#34;&#34; type=&#34;checkbox&#34;&gt; Add task lists to it&lt;/li&gt;
&lt;li&gt;&lt;input disabled=&#34;&#34; type=&#34;checkbox&#34;&gt; Take a vacation&lt;/li&gt;
&lt;/ul&gt;
&lt;p&gt;And a &amp;ldquo;mixed&amp;rdquo; task list:&lt;/p&gt;
&lt;ul&gt;
&lt;li&gt;&lt;input disabled=&#34;&#34; type=&#34;checkbox&#34;&gt; Pack bags&lt;/li&gt;
&lt;li&gt;?&lt;/li&gt;
&lt;li&gt;&lt;input disabled=&#34;&#34; type=&#34;checkbox&#34;&gt; Travel!&lt;/li&gt;
&lt;/ul&gt;
&lt;p&gt;And a nested list:&lt;/p&gt;
&lt;ul&gt;
&lt;li&gt;Jackson 5
&lt;ul&gt;
&lt;li&gt;Michael&lt;/li&gt;
&lt;li&gt;Tito&lt;/li&gt;
&lt;li&gt;Jackie&lt;/li&gt;
&lt;li&gt;Marlon&lt;/li&gt;
&lt;li&gt;Jermaine&lt;/li&gt;
&lt;/ul&gt;
&lt;/li&gt;
&lt;li&gt;TMNT
&lt;ul&gt;
&lt;li&gt;Leonardo&lt;/li&gt;
&lt;li&gt;Michelangelo&lt;/li&gt;
&lt;li&gt;Donatello&lt;/li&gt;
&lt;li&gt;Raphael&lt;/li&gt;
&lt;/ul&gt;
&lt;/li&gt;
&lt;/ul&gt;
&lt;p&gt;Definition lists can be used with Markdown syntax. Definition headers are bold.&lt;/p&gt;
&lt;dl&gt;
&lt;dt&gt;Name&lt;/dt&gt;
&lt;dd&gt;Godzilla&lt;/dd&gt;
&lt;dt&gt;Born&lt;/dt&gt;
&lt;dd&gt;1952&lt;/dd&gt;
&lt;dt&gt;Birthplace&lt;/dt&gt;
&lt;dd&gt;Japan&lt;/dd&gt;
&lt;dt&gt;Color&lt;/dt&gt;
&lt;dd&gt;Green&lt;/dd&gt;
&lt;/dl&gt;
&lt;hr&gt;
&lt;p&gt;Tables should have bold headings and alternating shaded rows.&lt;/p&gt;
&lt;table&gt;
&lt;thead&gt;
&lt;tr&gt;
&lt;th&gt;Artist&lt;/th&gt;
&lt;th&gt;Album&lt;/th&gt;
&lt;th&gt;Year&lt;/th&gt;
&lt;/tr&gt;
&lt;/thead&gt;
&lt;tbody&gt;
&lt;tr&gt;
&lt;td&gt;Michael Jackson&lt;/td&gt;
&lt;td&gt;Thriller&lt;/td&gt;
&lt;td&gt;1982&lt;/td&gt;
&lt;/tr&gt;
&lt;tr&gt;
&lt;td&gt;Prince&lt;/td&gt;
&lt;td&gt;Purple Rain&lt;/td&gt;
&lt;td&gt;1984&lt;/td&gt;
&lt;/tr&gt;
&lt;tr&gt;
&lt;td&gt;Beastie Boys&lt;/td&gt;
&lt;td&gt;License to Ill&lt;/td&gt;
&lt;td&gt;1986&lt;/td&gt;
&lt;/tr&gt;
&lt;/tbody&gt;
&lt;/table&gt;
&lt;p&gt;If a table is too wide, it should scroll horizontally.&lt;/p&gt;
&lt;table&gt;
&lt;thead&gt;
&lt;tr&gt;
&lt;th&gt;Artist&lt;/th&gt;
&lt;th&gt;Album&lt;/th&gt;
&lt;th&gt;Year&lt;/th&gt;
&lt;th&gt;Label&lt;/th&gt;
&lt;th&gt;Awards&lt;/th&gt;
&lt;th&gt;Songs&lt;/th&gt;
&lt;/tr&gt;
&lt;/thead&gt;
&lt;tbody&gt;
&lt;tr&gt;
&lt;td&gt;Michael Jackson&lt;/td&gt;
&lt;td&gt;Thriller&lt;/td&gt;
&lt;td&gt;1982&lt;/td&gt;
&lt;td&gt;Epic Records&lt;/td&gt;
&lt;td&gt;Grammy Award for Album of the Year, American Music Award for Favorite Pop/Rock Album, American Music Award for Favorite Soul/R&amp;amp;B Album, Brit Award for Best Selling Album, Grammy Award for Best Engineered Album, Non-Classical&lt;/td&gt;
&lt;td&gt;Wanna Be Startin&amp;rsquo; Somethin&amp;rsquo;, Baby Be Mine, The Girl Is Mine, Thriller, Beat It, Billie Jean, Human Nature, P.Y.T. (Pretty Young Thing), The Lady in My Life&lt;/td&gt;
&lt;/tr&gt;
&lt;tr&gt;
&lt;td&gt;Prince&lt;/td&gt;
&lt;td&gt;Purple Rain&lt;/td&gt;
&lt;td&gt;1984&lt;/td&gt;
&lt;td&gt;Warner Brothers Records&lt;/td&gt;
&lt;td&gt;Grammy Award for Best Score Soundtrack for Visual Media, American Music Award for Favorite Pop/Rock Album, American Music Award for Favorite Soul/R&amp;amp;B Album, Brit Award for Best Soundtrack/Cast Recording, Grammy Award for Best Rock Performance by a Duo or Group with Vocal&lt;/td&gt;
&lt;td&gt;Let&amp;rsquo;s Go Crazy, Take Me With U, The Beautiful Ones, Computer Blue, Darling Nikki, When Doves Cry, I Would Die 4 U, Baby I&amp;rsquo;m a Star, Purple Rain&lt;/td&gt;
&lt;/tr&gt;
&lt;tr&gt;
&lt;td&gt;Beastie Boys&lt;/td&gt;
&lt;td&gt;License to Ill&lt;/td&gt;
&lt;td&gt;1986&lt;/td&gt;
&lt;td&gt;Mercury Records&lt;/td&gt;
&lt;td&gt;noawardsbutthistablecelliswide&lt;/td&gt;
&lt;td&gt;Rhymin &amp;amp; Stealin, The New Style, She&amp;rsquo;s Crafty, Posse in Effect, Slow Ride, Girls, (You Gotta) Fight for Your Right, No Sleep Till Brooklyn, Paul Revere, Hold It Now, Hit It, Brass Monkey, Slow and Low, Time to Get Ill&lt;/td&gt;
&lt;/tr&gt;
&lt;/tbody&gt;
&lt;/table&gt;
&lt;hr&gt;
&lt;p&gt;Code snippets like &lt;code&gt;var foo = &amp;quot;bar&amp;quot;;&lt;/code&gt; can be shown inline.&lt;/p&gt;
&lt;p&gt;Also, &lt;code&gt;this should vertically align&lt;/code&gt; &lt;del&gt;&lt;code&gt;with this&lt;/code&gt;&lt;/del&gt; &lt;del&gt;and this&lt;/del&gt;.&lt;/p&gt;
&lt;p&gt;Code can also be shown in a block element.&lt;/p&gt;
&lt;pre tabindex=&#34;0&#34;&gt;&lt;code&gt;foo := &amp;#34;bar&amp;#34;;
bar := &amp;#34;foo&amp;#34;;
&lt;/code&gt;&lt;/pre&gt;&lt;p&gt;Code can also use syntax highlighting.&lt;/p&gt;
&lt;div class=&#34;highlight&#34;&gt;&lt;pre tabindex=&#34;0&#34; style=&#34;background-color:#f8f8f8;-moz-tab-size:4;-o-tab-size:4;tab-size:4;&#34;&gt;&lt;code class=&#34;language-go&#34; data-lang=&#34;go&#34;&gt;&lt;span style=&#34;display:flex;&#34;&gt;&lt;span&gt;&lt;span style=&#34;color:#204a87;font-weight:bold&#34;&gt;func&lt;/span&gt; &lt;span style=&#34;color:#000&#34;&gt;main&lt;/span&gt;&lt;span style=&#34;color:#000;font-weight:bold&#34;&gt;()&lt;/span&gt; &lt;span style=&#34;color:#000;font-weight:bold&#34;&gt;{&lt;/span&gt;
&lt;/span&gt;&lt;/span&gt;&lt;span style=&#34;display:flex;&#34;&gt;&lt;span&gt;  &lt;span style=&#34;color:#000&#34;&gt;input&lt;/span&gt; &lt;span style=&#34;color:#ce5c00;font-weight:bold&#34;&gt;:=&lt;/span&gt; &lt;span style=&#34;color:#4e9a06&#34;&gt;`var foo = &amp;#34;bar&amp;#34;;`&lt;/span&gt;
&lt;/span&gt;&lt;/span&gt;&lt;span style=&#34;display:flex;&#34;&gt;&lt;span&gt;
&lt;/span&gt;&lt;/span&gt;&lt;span style=&#34;display:flex;&#34;&gt;&lt;span&gt;  &lt;span style=&#34;color:#000&#34;&gt;lexer&lt;/span&gt; &lt;span style=&#34;color:#ce5c00;font-weight:bold&#34;&gt;:=&lt;/span&gt; &lt;span style=&#34;color:#000&#34;&gt;lexers&lt;/span&gt;&lt;span style=&#34;color:#000;font-weight:bold&#34;&gt;.&lt;/span&gt;&lt;span style=&#34;color:#000&#34;&gt;Get&lt;/span&gt;&lt;span style=&#34;color:#000;font-weight:bold&#34;&gt;(&lt;/span&gt;&lt;span style=&#34;color:#4e9a06&#34;&gt;&amp;#34;javascript&amp;#34;&lt;/span&gt;&lt;span style=&#34;color:#000;font-weight:bold&#34;&gt;)&lt;/span&gt;
&lt;/span&gt;&lt;/span&gt;&lt;span style=&#34;display:flex;&#34;&gt;&lt;span&gt;  &lt;span style=&#34;color:#000&#34;&gt;iterator&lt;/span&gt;&lt;span style=&#34;color:#000;font-weight:bold&#34;&gt;,&lt;/span&gt; &lt;span style=&#34;color:#000&#34;&gt;_&lt;/span&gt; &lt;span style=&#34;color:#ce5c00;font-weight:bold&#34;&gt;:=&lt;/span&gt; &lt;span style=&#34;color:#000&#34;&gt;lexer&lt;/span&gt;&lt;span style=&#34;color:#000;font-weight:bold&#34;&gt;.&lt;/span&gt;&lt;span style=&#34;color:#000&#34;&gt;Tokenise&lt;/span&gt;&lt;span style=&#34;color:#000;font-weight:bold&#34;&gt;(&lt;/span&gt;&lt;span style=&#34;color:#204a87;font-weight:bold&#34;&gt;nil&lt;/span&gt;&lt;span style=&#34;color:#000;font-weight:bold&#34;&gt;,&lt;/span&gt; &lt;span style=&#34;color:#000&#34;&gt;input&lt;/span&gt;&lt;span style=&#34;color:#000;font-weight:bold&#34;&gt;)&lt;/span&gt;
&lt;/span&gt;&lt;/span&gt;&lt;span style=&#34;display:flex;&#34;&gt;&lt;span&gt;  &lt;span style=&#34;color:#000&#34;&gt;style&lt;/span&gt; &lt;span style=&#34;color:#ce5c00;font-weight:bold&#34;&gt;:=&lt;/span&gt; &lt;span style=&#34;color:#000&#34;&gt;styles&lt;/span&gt;&lt;span style=&#34;color:#000;font-weight:bold&#34;&gt;.&lt;/span&gt;&lt;span style=&#34;color:#000&#34;&gt;Get&lt;/span&gt;&lt;span style=&#34;color:#000;font-weight:bold&#34;&gt;(&lt;/span&gt;&lt;span style=&#34;color:#4e9a06&#34;&gt;&amp;#34;github&amp;#34;&lt;/span&gt;&lt;span style=&#34;color:#000;font-weight:bold&#34;&gt;)&lt;/span&gt;
&lt;/span&gt;&lt;/span&gt;&lt;span style=&#34;display:flex;&#34;&gt;&lt;span&gt;  &lt;span style=&#34;color:#000&#34;&gt;formatter&lt;/span&gt; &lt;span style=&#34;color:#ce5c00;font-weight:bold&#34;&gt;:=&lt;/span&gt; &lt;span style=&#34;color:#000&#34;&gt;html&lt;/span&gt;&lt;span style=&#34;color:#000;font-weight:bold&#34;&gt;.&lt;/span&gt;&lt;span style=&#34;color:#000&#34;&gt;New&lt;/span&gt;&lt;span style=&#34;color:#000;font-weight:bold&#34;&gt;(&lt;/span&gt;&lt;span style=&#34;color:#000&#34;&gt;html&lt;/span&gt;&lt;span style=&#34;color:#000;font-weight:bold&#34;&gt;.&lt;/span&gt;&lt;span style=&#34;color:#000&#34;&gt;WithLineNumbers&lt;/span&gt;&lt;span style=&#34;color:#000;font-weight:bold&#34;&gt;())&lt;/span&gt;
&lt;/span&gt;&lt;/span&gt;&lt;span style=&#34;display:flex;&#34;&gt;&lt;span&gt;
&lt;/span&gt;&lt;/span&gt;&lt;span style=&#34;display:flex;&#34;&gt;&lt;span&gt;  &lt;span style=&#34;color:#204a87;font-weight:bold&#34;&gt;var&lt;/span&gt; &lt;span style=&#34;color:#000&#34;&gt;buff&lt;/span&gt; &lt;span style=&#34;color:#000&#34;&gt;bytes&lt;/span&gt;&lt;span style=&#34;color:#000;font-weight:bold&#34;&gt;.&lt;/span&gt;&lt;span style=&#34;color:#000&#34;&gt;Buffer&lt;/span&gt;
&lt;/span&gt;&lt;/span&gt;&lt;span style=&#34;display:flex;&#34;&gt;&lt;span&gt;  &lt;span style=&#34;color:#000&#34;&gt;formatter&lt;/span&gt;&lt;span style=&#34;color:#000;font-weight:bold&#34;&gt;.&lt;/span&gt;&lt;span style=&#34;color:#000&#34;&gt;Format&lt;/span&gt;&lt;span style=&#34;color:#000;font-weight:bold&#34;&gt;(&lt;/span&gt;&lt;span style=&#34;color:#ce5c00;font-weight:bold&#34;&gt;&amp;amp;&lt;/span&gt;&lt;span style=&#34;color:#000&#34;&gt;buff&lt;/span&gt;&lt;span style=&#34;color:#000;font-weight:bold&#34;&gt;,&lt;/span&gt; &lt;span style=&#34;color:#000&#34;&gt;style&lt;/span&gt;&lt;span style=&#34;color:#000;font-weight:bold&#34;&gt;,&lt;/span&gt; &lt;span style=&#34;color:#000&#34;&gt;iterator&lt;/span&gt;&lt;span style=&#34;color:#000;font-weight:bold&#34;&gt;)&lt;/span&gt;
&lt;/span&gt;&lt;/span&gt;&lt;span style=&#34;display:flex;&#34;&gt;&lt;span&gt;
&lt;/span&gt;&lt;/span&gt;&lt;span style=&#34;display:flex;&#34;&gt;&lt;span&gt;  &lt;span style=&#34;color:#000&#34;&gt;fmt&lt;/span&gt;&lt;span style=&#34;color:#000;font-weight:bold&#34;&gt;.&lt;/span&gt;&lt;span style=&#34;color:#000&#34;&gt;Println&lt;/span&gt;&lt;span style=&#34;color:#000;font-weight:bold&#34;&gt;(&lt;/span&gt;&lt;span style=&#34;color:#000&#34;&gt;buff&lt;/span&gt;&lt;span style=&#34;color:#000;font-weight:bold&#34;&gt;.&lt;/span&gt;&lt;span style=&#34;color:#000&#34;&gt;String&lt;/span&gt;&lt;span style=&#34;color:#000;font-weight:bold&#34;&gt;())&lt;/span&gt;
&lt;/span&gt;&lt;/span&gt;&lt;span style=&#34;display:flex;&#34;&gt;&lt;span&gt;&lt;span style=&#34;color:#000;font-weight:bold&#34;&gt;}&lt;/span&gt;
&lt;/span&gt;&lt;/span&gt;&lt;/code&gt;&lt;/pre&gt;&lt;/div&gt;&lt;pre tabindex=&#34;0&#34;&gt;&lt;code&gt;Long, single-line code blocks should not wrap. They should horizontally scroll if they are too long. This line should be long enough to demonstrate this.
&lt;/code&gt;&lt;/pre&gt;&lt;p&gt;Inline code inside table cells should still be distinguishable.&lt;/p&gt;
&lt;table&gt;
&lt;thead&gt;
&lt;tr&gt;
&lt;th&gt;Language&lt;/th&gt;
&lt;th&gt;Code&lt;/th&gt;
&lt;/tr&gt;
&lt;/thead&gt;
&lt;tbody&gt;
&lt;tr&gt;
&lt;td&gt;Javascript&lt;/td&gt;
&lt;td&gt;&lt;code&gt;var foo = &amp;quot;bar&amp;quot;;&lt;/code&gt;&lt;/td&gt;
&lt;/tr&gt;
&lt;tr&gt;
&lt;td&gt;Ruby&lt;/td&gt;
&lt;td&gt;&lt;code&gt;foo = &amp;quot;bar&amp;quot;{&lt;/code&gt;&lt;/td&gt;
&lt;/tr&gt;
&lt;/tbody&gt;
&lt;/table&gt;
&lt;hr&gt;
&lt;p&gt;Small images should be shown at their actual size.&lt;/p&gt;
&lt;p&gt;&lt;img src=&#34;https://upload.wikimedia.org/wikipedia/commons/thumb/9/9e/Picea_abies_shoot_with_buds%2C_Sogndal%2C_Norway.jpg/240px-Picea_abies_shoot_with_buds%2C_Sogndal%2C_Norway.jpg&#34; alt=&#34;&#34;&gt;&lt;/p&gt;
&lt;p&gt;Large images should always scale down and fit in the content container.&lt;/p&gt;
&lt;p&gt;&lt;img src=&#34;https://upload.wikimedia.org/wikipedia/commons/thumb/9/9e/Picea_abies_shoot_with_buds%2C_Sogndal%2C_Norway.jpg/1024px-Picea_abies_shoot_with_buds%2C_Sogndal%2C_Norway.jpg&#34; alt=&#34;&#34;&gt;&lt;/p&gt;
&lt;p&gt;&lt;em&gt;The photo above of the Spruce Picea abies shoot with foliage buds: Bjørn Erik Pedersen, CC-BY-SA.&lt;/em&gt;&lt;/p&gt;
&lt;h2 id=&#34;components&#34;&gt;Components&lt;/h2&gt;
&lt;h3 id=&#34;alerts&#34;&gt;Alerts&lt;/h3&gt;
&lt;p&gt;

&lt;div class=&#34;alert alert-primary&#34; role=&#34;alert&#34;&gt;


    This is an alert.

&lt;/div&gt;



&lt;div class=&#34;alert alert-primary&#34; role=&#34;alert&#34;&gt;
&lt;h4 class=&#34;alert-heading&#34;&gt;Note&lt;/h4&gt;

    This is an alert with a title.

&lt;/div&gt;



&lt;div class=&#34;alert alert-primary&#34; role=&#34;alert&#34;&gt;
&lt;h4 class=&#34;alert-heading&#34;&gt;Note&lt;/h4&gt;

    This is an alert with a title and &lt;strong&gt;Markdown&lt;/strong&gt;.

&lt;/div&gt;



&lt;div class=&#34;alert alert-success&#34; role=&#34;alert&#34;&gt;


    This is a successful alert.

&lt;/div&gt;



&lt;div class=&#34;alert alert-warning&#34; role=&#34;alert&#34;&gt;


    This is a warning.

&lt;/div&gt;



&lt;div class=&#34;alert alert-warning&#34; role=&#34;alert&#34;&gt;
&lt;h4 class=&#34;alert-heading&#34;&gt;Warning&lt;/h4&gt;

    This is a warning with a title.

&lt;/div&gt;
&lt;/p&gt;
&lt;h2 id=&#34;another-heading&#34;&gt;Another Heading&lt;/h2&gt;
&lt;p&gt;Add some sections here to see how the ToC looks like. Bacon ipsum dolor sit amet t-bone doner shank drumstick, pork belly porchetta chuck sausage brisket ham hock rump pig. Chuck kielbasa leberkas, pork bresaola ham hock filet mignon cow shoulder short ribs biltong.&lt;/p&gt;
&lt;h3 id=&#34;this-document&#34;&gt;This Document&lt;/h3&gt;
&lt;p&gt;Inguina genus: Anaphen post: lingua violente voce suae meus aetate diversi. Orbis unam nec flammaeque status deam Silenum erat et a ferrea. Excitus rigidum ait: vestro et Herculis convicia: nitidae deseruit coniuge Proteaque adiciam &lt;em&gt;eripitur&lt;/em&gt;? Sitim noceat signa &lt;em&gt;probat quidem&lt;/em&gt;. Sua longis &lt;em&gt;fugatis&lt;/em&gt; quidem genae.&lt;/p&gt;
&lt;h3 id=&#34;pixel-count&#34;&gt;Pixel Count&lt;/h3&gt;
&lt;p&gt;Tilde photo booth wayfarers cliche lomo intelligentsia man braid kombucha vaporware farm-to-table mixtape portland. PBR&amp;amp;B pickled cornhole ugh try-hard ethical subway tile. Fixie paleo intelligentsia pabst. Ennui waistcoat vinyl gochujang. Poutine salvia authentic affogato, chambray lumbersexual shabby chic.&lt;/p&gt;
&lt;h3 id=&#34;contact-info&#34;&gt;Contact Info&lt;/h3&gt;
&lt;p&gt;Plaid hell of cred microdosing, succulents tilde pour-over. Offal shabby chic 3 wolf moon blue bottle raw denim normcore poutine pork belly.&lt;/p&gt;
&lt;h3 id=&#34;external-links&#34;&gt;External Links&lt;/h3&gt;
&lt;p&gt;Stumptown PBR&amp;amp;B keytar plaid street art, forage XOXO pitchfork selvage affogato green juice listicle pickled everyday carry hashtag. Organic sustainable letterpress sartorial scenester intelligentsia swag bushwick. Put a bird on it stumptown neutra locavore. IPhone typewriter messenger bag narwhal. Ennui cold-pressed seitan flannel keytar, single-origin coffee adaptogen occupy yuccie williamsburg chillwave shoreditch forage waistcoat.&lt;/p&gt;
&lt;pre tabindex=&#34;0&#34;&gt;&lt;code&gt;This is the final element on the page and there should be no margin below this.
&lt;/code&gt;&lt;/pre&gt;
      </description>
    </item>
    
    <item>
      <title>Docs: Surface amplification</title>
      <link>/docs/protocols/surface-amp/</link>
      <pubDate>Fri, 29 Dec 2023 00:00:00 +0000</pubDate>
      
      <guid>/docs/protocols/surface-amp/</guid>
      <description>
        
        
        &lt;h2 id=&#34;introduction&#34;&gt;Introduction&lt;/h2&gt;
&lt;p&gt;This protocol describes the materials and methods to generate surface amplified sequencing library on a reservoir.&lt;/p&gt;
&lt;p&gt;Circular single stranded library hybridizes to surface immobilized P7 oligonucleotides on sequencing reservoir. These oligonucleotides serve as forward primers to initiate rolling circle amplification (RCA) to generate sequencing clusters. The forward strand will contain P5&amp;rsquo; sequences, which will anneal to the surface immobilized P5 oligos and allow rolling circle amplification to produce the reverse strand. Hyperbranched clusters are produced by forward and reverse RCA products annealing to the surface and extending.&lt;/p&gt;
&lt;p&gt;Once hyperbranched clusters are generated by RCA, Thermolabile USER II is used to cleave the reverse strands from the surface. After denaturing and washing, the sequencing reservoir surface contains thousands of forward strand RCA clusters.&lt;/p&gt;
&lt;p&gt;Since the TIRF system is so sensitive to incorporation at the sequencing reservoir surface, TdT is used to terminate any 3&amp;rsquo; ends. After a last set of denature and wash steps, the sequencing reservoir is ready to sequence.&lt;/p&gt;
&lt;h2 id=&#34;revision-history&#34;&gt;Revision history&lt;/h2&gt;
&lt;table&gt;
&lt;thead&gt;
&lt;tr&gt;
&lt;th&gt;Document&lt;/th&gt;
&lt;th&gt;Version number&lt;/th&gt;
&lt;th&gt;Date&lt;/th&gt;
&lt;th&gt;Description of change&lt;/th&gt;
&lt;/tr&gt;
&lt;/thead&gt;
&lt;tbody&gt;
&lt;tr&gt;
&lt;td&gt;Surface amplification&lt;/td&gt;
&lt;td&gt;v1.0&lt;/td&gt;
&lt;td&gt;12/2023&lt;/td&gt;
&lt;td&gt;Original document -KF&lt;/td&gt;
&lt;/tr&gt;
&lt;/tbody&gt;
&lt;/table&gt;
&lt;h2 id=&#34;materials-and-equipment&#34;&gt;Materials and equipment&lt;/h2&gt;
&lt;table&gt;
&lt;thead&gt;
&lt;tr&gt;
&lt;th&gt;Item&lt;/th&gt;
&lt;th&gt;Vendor&lt;/th&gt;
&lt;th&gt;Catalog number/link&lt;/th&gt;
&lt;/tr&gt;
&lt;/thead&gt;
&lt;tbody&gt;
&lt;tr&gt;
&lt;td&gt;TODO&lt;/td&gt;
&lt;td&gt;&lt;/td&gt;
&lt;td&gt;&lt;/td&gt;
&lt;/tr&gt;
&lt;/tbody&gt;
&lt;/table&gt;
&lt;h2 id=&#34;notes-before-starting&#34;&gt;Notes before starting&lt;/h2&gt;
&lt;p&gt;Optimal circular library hybridization concentration is critical to achieving a high density of sequencing clusters without compromising monoclonality. We have achieved good results hybridizing clusters at concentrations of 0.15-0.4 pM, but ideal concentrations should be determined empirically.&lt;/p&gt;
&lt;p&gt;Sodium hydroxide dilutions should be made fresh for same day use.&lt;/p&gt;
&lt;h2 id=&#34;procedure&#34;&gt;Procedure&lt;/h2&gt;
&lt;h3 id=&#34;1-prepare-reservoir-for-hybridization&#34;&gt;1. Prepare reservoir for hybridization&lt;/h3&gt;
&lt;ol&gt;
&lt;li&gt;Dispense 100 µL nuclease free (NF) H₂O into a new reservoir, being careful not to contact glass surface at bottom of reservoir&lt;/li&gt;
&lt;li&gt;Aspirate and discard the liquid from the reservoir with P-100 or P-200 pipette by tilting the reservoir opening towards you and carefully placing the tip of the pipette at the lowest edge of the reservoir&lt;/li&gt;
&lt;/ol&gt;
&lt;h3 id=&#34;2-hybridize-library&#34;&gt;2. Hybridize library&lt;/h3&gt;
&lt;ol&gt;
&lt;li&gt;Dilute library to loading concentration
&lt;ul&gt;
&lt;li&gt;Library should be at 0.15 - 0.4 pM in 2x SSC + 0.1% Triton X 100 (SSCT)&lt;/li&gt;
&lt;li&gt;Ensure there is at least 100 µL of diluted library per reservoir&lt;/li&gt;
&lt;/ul&gt;
&lt;/li&gt;
&lt;li&gt;Dispense 100 µL diluted library into reservoir&lt;/li&gt;
&lt;li&gt;Incubate reservoir at 65º C for 4 minutes, 40º C for 44 minutes, and then room temperature for 4 minutes&lt;/li&gt;
&lt;li&gt;After final 4 minute room temperature incubation, remove and discard 100 µL solution from reservoir&lt;/li&gt;
&lt;li&gt;Dispense 50 µL of 1x RCA Buffer into reservoir&lt;/li&gt;
&lt;/ol&gt;


&lt;div class=&#34;alert alert-primary&#34; role=&#34;alert&#34;&gt;
&lt;h4 class=&#34;alert-heading&#34;&gt;&lt;i class=&#39;fa fa-clock&#39;&gt;&lt;/i&gt; Safe stopping point&lt;/h4&gt;

    Proceed to cluster generation within 1 day. Reservoir can be stored at room temperature.

&lt;/div&gt;

&lt;h3 id=&#34;3-cluster-generation&#34;&gt;3. Cluster generation&lt;/h3&gt;
&lt;ol&gt;
&lt;li&gt;Make Phi29XT Reaction Mix using the table below, adding each component:
&lt;ul&gt;
&lt;li&gt;
&lt;table&gt;
&lt;thead&gt;
&lt;tr&gt;
&lt;th&gt;Reagent&lt;/th&gt;
&lt;th&gt;Volume for 1 reservoir&lt;/th&gt;
&lt;th&gt;Final concentration&lt;/th&gt;
&lt;/tr&gt;
&lt;/thead&gt;
&lt;tbody&gt;
&lt;tr&gt;
&lt;td&gt;Nuclease free water&lt;/td&gt;
&lt;td&gt;60 µL&lt;/td&gt;
&lt;td&gt;&lt;/td&gt;
&lt;/tr&gt;
&lt;tr&gt;
&lt;td&gt;Phi29-XT Reaction Buffer, 5x&lt;/td&gt;
&lt;td&gt;20 µL&lt;/td&gt;
&lt;td&gt;1x&lt;/td&gt;
&lt;/tr&gt;
&lt;tr&gt;
&lt;td&gt;dNTP Solution Mix, 10 mM&lt;/td&gt;
&lt;td&gt;10 µL&lt;/td&gt;
&lt;td&gt;1 mM&lt;/td&gt;
&lt;/tr&gt;
&lt;tr&gt;
&lt;td&gt;Phi29XT Polymerase, 10x&lt;/td&gt;
&lt;td&gt;10 µL&lt;/td&gt;
&lt;td&gt;1x&lt;/td&gt;
&lt;/tr&gt;
&lt;tr&gt;
&lt;td&gt;&lt;strong&gt;Total volume&lt;/strong&gt;&lt;/td&gt;
&lt;td&gt;100 µL&lt;/td&gt;
&lt;td&gt;&lt;/td&gt;
&lt;/tr&gt;
&lt;/tbody&gt;
&lt;/table&gt;
&lt;/li&gt;
&lt;li&gt;Vortex and spin down reaction mix, keep on ice&lt;/li&gt;
&lt;/ul&gt;
&lt;/li&gt;
&lt;li&gt;Remove 1x RCA buffer from sequencing reservoir by tilting reservoir towards you and aspirating at the lowest edge of the reservoir with a p-100 or p-200 pipette&lt;/li&gt;
&lt;li&gt;Dispense 50 µL of the Phi29XT Reaction Mix into the reservoir
&lt;ol&gt;
&lt;li&gt;Ensure liquid is at bottom of reservoir&lt;/li&gt;
&lt;li&gt;Store remaining reaction mix at 4º C for a reaction refresh&lt;/li&gt;
&lt;/ol&gt;
&lt;/li&gt;
&lt;li&gt;Incubate reservoir at 42º C for 30 minutes&lt;/li&gt;
&lt;li&gt;Refresh Phi29XT Reaction Mix:
&lt;ol&gt;
&lt;li&gt;After 30 minutes, remove 20 µL of Phi29XT Reaction Mix from reservoir&lt;/li&gt;
&lt;li&gt;Dispense the 50 µL of Phi29XT Reaction Mix remaining from step 3.3.2 into the reservoir and gently swirl&lt;/li&gt;
&lt;li&gt;Ensure all liquid is at bottom of reservoir and incubate at 42º C for an additional 2 hours&lt;/li&gt;
&lt;li&gt;After 2 hour incubation, proceed directly to step 4&lt;/li&gt;
&lt;/ol&gt;
&lt;/li&gt;
&lt;/ol&gt;
&lt;h3 id=&#34;4-cleave-reverse-strands&#34;&gt;4. Cleave reverse strands&lt;/h3&gt;
&lt;ol&gt;
&lt;li&gt;Begin incubating the reservoir with Phi29XT Reaction Mix at 37º C&lt;/li&gt;
&lt;li&gt;Dispense 2 µL of Thermolabile USER II enzyme into the reaction mix, pipetteing up and down to ensure full volume is dispensed&lt;/li&gt;
&lt;li&gt;Tilt the reservoir towards you and use a P-100 or P-200 pipette set to 50 µL to gently and carefully mix the liquid without contacting the bottom surface of reservoir&lt;/li&gt;
&lt;li&gt;Incubate the reservoir at 37º C for 30 minutes&lt;/li&gt;
&lt;li&gt;4.5.	After 30 minutes, remove the reaction mix&lt;/li&gt;
&lt;li&gt;Denature reverse strands
&lt;ol&gt;
&lt;li&gt;Dispense 100 µL of 100 mM NaOH into reservoir
&lt;ul&gt;
&lt;li&gt;Incubate 3 minutes at room temperature&lt;/li&gt;
&lt;/ul&gt;
&lt;/li&gt;
&lt;li&gt;Remove NaOH from reservoir&lt;/li&gt;
&lt;li&gt;Rinse reservoir:
&lt;ol&gt;
&lt;li&gt;Dispense 200 µL NF H₂O into reservoir&lt;/li&gt;
&lt;li&gt;Pipette up and down 3 times to agitate the surface of the reservoir with the liquid&lt;/li&gt;
&lt;li&gt;Remove NF H₂O&lt;/li&gt;
&lt;/ol&gt;
&lt;/li&gt;
&lt;li&gt;Repeat step 4.6.3 two times for a total of three rinses&lt;/li&gt;
&lt;/ol&gt;
&lt;/li&gt;
&lt;li&gt;Dispense 100 µL of 2x SSC + 0.1% Triton X 100 into reservoir&lt;/li&gt;
&lt;/ol&gt;


&lt;div class=&#34;alert alert-primary&#34; role=&#34;alert&#34;&gt;
&lt;h4 class=&#34;alert-heading&#34;&gt;&lt;i class=&#39;fa fa-clock&#39;&gt;&lt;/i&gt; Safe stopping point&lt;/h4&gt;

    Reservoir can be stored at room temperature.

&lt;/div&gt;

&lt;h3 id=&#34;5-block-surface&#34;&gt;5. Block surface&lt;/h3&gt;
&lt;ol&gt;
&lt;li&gt;Albumin blocking:
&lt;ol&gt;
&lt;li&gt;Prepare albumin blocking solution using the table below:
&lt;ul&gt;
&lt;li&gt;
&lt;table&gt;
&lt;thead&gt;
&lt;tr&gt;
&lt;th&gt;Reagent&lt;/th&gt;
&lt;th&gt;Volume for 1 reservoir&lt;/th&gt;
&lt;th&gt;Final concentration&lt;/th&gt;
&lt;/tr&gt;
&lt;/thead&gt;
&lt;tbody&gt;
&lt;tr&gt;
&lt;td&gt;Nuclease free water&lt;/td&gt;
&lt;td&gt;42.5 µL&lt;/td&gt;
&lt;td&gt;&lt;/td&gt;
&lt;/tr&gt;
&lt;tr&gt;
&lt;td&gt;Terminal Transferase Buffer, 10x&lt;/td&gt;
&lt;td&gt;5 µL&lt;/td&gt;
&lt;td&gt;1x&lt;/td&gt;
&lt;/tr&gt;
&lt;tr&gt;
&lt;td&gt;Recombinant Albumin, 20 mg/mL&lt;/td&gt;
&lt;td&gt;2.5 µL&lt;/td&gt;
&lt;td&gt;1.12 mg/mL&lt;/td&gt;
&lt;/tr&gt;
&lt;tr&gt;
&lt;td&gt;&lt;strong&gt;Total volume&lt;/strong&gt;&lt;/td&gt;
&lt;td&gt;50 µL&lt;/td&gt;
&lt;td&gt;&lt;/td&gt;
&lt;/tr&gt;
&lt;/tbody&gt;
&lt;/table&gt;
&lt;/li&gt;
&lt;/ul&gt;
&lt;/li&gt;
&lt;li&gt;Vortex and spin down mixture&lt;/li&gt;
&lt;li&gt;Remove liquid from reservoir&lt;/li&gt;
&lt;li&gt;Dispense 50 µL of albumin bocking solution into reservoir&lt;/li&gt;
&lt;li&gt;Incubate 10 minutes at room temperature&lt;/li&gt;
&lt;/ol&gt;
&lt;/li&gt;
&lt;li&gt;3&amp;rsquo; end blocking:
&lt;ol&gt;
&lt;li&gt;Prepare terminal transferase (TdT) Reaction Mixture using table below:
&lt;ul&gt;
&lt;li&gt;
&lt;table&gt;
&lt;thead&gt;
&lt;tr&gt;
&lt;th&gt;Reagent&lt;/th&gt;
&lt;th&gt;Volume for 1 reservoir&lt;/th&gt;
&lt;th&gt;Final concentration&lt;/th&gt;
&lt;/tr&gt;
&lt;/thead&gt;
&lt;tbody&gt;
&lt;tr&gt;
&lt;td&gt;Nuclease free water&lt;/td&gt;
&lt;td&gt;35 µL&lt;/td&gt;
&lt;td&gt;&lt;/td&gt;
&lt;/tr&gt;
&lt;tr&gt;
&lt;td&gt;Terminal Transferase Buffer, 10x&lt;/td&gt;
&lt;td&gt;5 µL&lt;/td&gt;
&lt;td&gt;1x&lt;/td&gt;
&lt;/tr&gt;
&lt;tr&gt;
&lt;td&gt;CoCl₂, 10x&lt;/td&gt;
&lt;td&gt;5 µL&lt;/td&gt;
&lt;td&gt;1x&lt;/td&gt;
&lt;/tr&gt;
&lt;tr&gt;
&lt;td&gt;Dideoxynucleotide Solution, 2.5 mM (0.625 mM each ddATP, ddCTP, ddGTP, ddTTP)&lt;/td&gt;
&lt;td&gt;4 µL&lt;/td&gt;
&lt;td&gt;0.2 mM&lt;/td&gt;
&lt;/tr&gt;
&lt;tr&gt;
&lt;td&gt;Terminal Transferase, 20,000 U/mL&lt;/td&gt;
&lt;td&gt;1 µL&lt;/td&gt;
&lt;td&gt;400 U/mL&lt;/td&gt;
&lt;/tr&gt;
&lt;tr&gt;
&lt;td&gt;&lt;strong&gt;Total volume&lt;/strong&gt;&lt;/td&gt;
&lt;td&gt;50 µL&lt;/td&gt;
&lt;td&gt;&lt;/td&gt;
&lt;/tr&gt;
&lt;/tbody&gt;
&lt;/table&gt;
&lt;/li&gt;
&lt;/ul&gt;
&lt;/li&gt;
&lt;li&gt;Vortex and spin down mixture&lt;/li&gt;
&lt;li&gt;Remove albumin blocking solution from reservoir&lt;/li&gt;
&lt;li&gt;Dispense 50 µL TdT Reaction Mixture into reservoir&lt;/li&gt;
&lt;li&gt;Ensure all liquid is at bottom of reservoir&lt;/li&gt;
&lt;li&gt;Incubate at 37º C for 30 minutes&lt;/li&gt;
&lt;/ol&gt;
&lt;/li&gt;
&lt;li&gt;Denature protein and rinse reservoir
&lt;ol&gt;
&lt;li&gt;Remove reaction mix from reservoir&lt;/li&gt;
&lt;li&gt;Dispense 100 µL of 100 mM NaOH into reservoir
&lt;ul&gt;
&lt;li&gt;Incubate 3 minutes at room temperature&lt;/li&gt;
&lt;/ul&gt;
&lt;/li&gt;
&lt;li&gt;Remove NaOH from reservoir&lt;/li&gt;
&lt;li&gt;Rinse reservoir:
&lt;ol&gt;
&lt;li&gt;Dispense 200 µL NF H₂O into reservoir&lt;/li&gt;
&lt;li&gt;Pipette up and down 3 times to agitate the surface of the reservoir with the liquid&lt;/li&gt;
&lt;li&gt;Remove NF H₂O&lt;/li&gt;
&lt;/ol&gt;
&lt;/li&gt;
&lt;li&gt;Repeat step 5.3.4 two times for a total of three rinses&lt;/li&gt;
&lt;/ol&gt;
&lt;/li&gt;
&lt;li&gt;Dispense 100 µL of 2x SSC + 0.1% Triton X 100 into reservoir&lt;/li&gt;
&lt;/ol&gt;


&lt;div class=&#34;alert alert-primary&#34; role=&#34;alert&#34;&gt;
&lt;h4 class=&#34;alert-heading&#34;&gt;&lt;i class=&#39;fa fa-clock&#39;&gt;&lt;/i&gt; Safe stopping point&lt;/h4&gt;

    Reservoir can be stored at room temperature, or proceed to sequencing protocol.

&lt;/div&gt;


      </description>
    </item>
    
    <item>
      <title>Docs: Sequencing</title>
      <link>/docs/protocols/sequencing/</link>
      <pubDate>Fri, 29 Dec 2023 00:00:00 +0000</pubDate>
      
      <guid>/docs/protocols/sequencing/</guid>
      <description>
        
        
        

&lt;div class=&#34;pageinfo pageinfo-primary&#34;&gt;
&lt;p&gt;This is a placeholder page. Replace it with your own content.&lt;/p&gt;

&lt;/div&gt;

&lt;p&gt;Text can be &lt;strong&gt;bold&lt;/strong&gt;, &lt;em&gt;italic&lt;/em&gt;, or &lt;del&gt;strikethrough&lt;/del&gt;. &lt;a href=&#34;https://gohugo.io&#34;&gt;Links&lt;/a&gt; should be blue with no underlines (unless hovered over).&lt;/p&gt;
&lt;p&gt;There should be whitespace between paragraphs. Vape migas chillwave sriracha poutine try-hard distillery. Tattooed shabby chic small batch, pabst art party heirloom letterpress air plant pop-up. Sustainable chia skateboard art party banjo cardigan normcore affogato vexillologist quinoa meggings man bun master cleanse shoreditch readymade. Yuccie prism four dollar toast tbh cardigan iPhone, tumblr listicle live-edge VHS. Pug lyft normcore hot chicken biodiesel, actually keffiyeh thundercats photo booth pour-over twee fam food truck microdosing banh mi. Vice activated charcoal raclette unicorn live-edge post-ironic. Heirloom vexillologist coloring book, beard deep v letterpress echo park humblebrag tilde.&lt;/p&gt;
&lt;p&gt;90&amp;rsquo;s four loko seitan photo booth gochujang freegan tumeric listicle fam ugh humblebrag. Bespoke leggings gastropub, biodiesel brunch pug fashion axe meh swag art party neutra deep v chia. Enamel pin fanny pack knausgaard tofu, artisan cronut hammock meditation occupy master cleanse chartreuse lumbersexual. Kombucha kogi viral truffaut synth distillery single-origin coffee ugh slow-carb marfa selfies. Pitchfork schlitz semiotics fanny pack, ugh artisan vegan vaporware hexagon. Polaroid fixie post-ironic venmo wolf ramps &lt;strong&gt;kale chips&lt;/strong&gt;.&lt;/p&gt;
&lt;blockquote&gt;
&lt;p&gt;There should be no margin above this first sentence.&lt;/p&gt;
&lt;p&gt;Blockquotes should be a lighter gray with a border along the left side in the secondary color.&lt;/p&gt;
&lt;p&gt;There should be no margin below this final sentence.&lt;/p&gt;
&lt;/blockquote&gt;
&lt;h2 id=&#34;first-header-2&#34;&gt;First Header 2&lt;/h2&gt;
&lt;p&gt;This is a normal paragraph following a header. Knausgaard kale chips snackwave microdosing cronut copper mug swag synth bitters letterpress glossier &lt;strong&gt;craft beer&lt;/strong&gt;. Mumblecore bushwick authentic gochujang vegan chambray meditation jean shorts irony. Viral farm-to-table kale chips, pork belly palo santo distillery activated charcoal aesthetic jianbing air plant woke lomo VHS organic. Tattooed locavore succulents heirloom, small batch sriracha echo park DIY af. Shaman you probably haven&amp;rsquo;t heard of them copper mug, crucifix green juice vape &lt;em&gt;single-origin coffee&lt;/em&gt; brunch actually. Mustache etsy vexillologist raclette authentic fam. Tousled beard humblebrag asymmetrical. I love turkey, I love my job, I love my friends, I love Chardonnay!&lt;/p&gt;
&lt;p&gt;Deae legum paulatimque terra, non vos mutata tacet: dic. Vocant docuique me plumas fila quin afuerunt copia haec o neque.&lt;/p&gt;
&lt;p&gt;On big screens, paragraphs and headings should not take up the full container width, but we want tables, code blocks and similar to take the full width.&lt;/p&gt;
&lt;p&gt;Scenester tumeric pickled, authentic crucifix post-ironic fam freegan VHS pork belly 8-bit yuccie PBR&amp;amp;B. &lt;strong&gt;I love this life we live in&lt;/strong&gt;.&lt;/p&gt;
&lt;h2 id=&#34;second-header-2&#34;&gt;Second Header 2&lt;/h2&gt;
&lt;blockquote&gt;
&lt;p&gt;This is a blockquote following a header. Bacon ipsum dolor sit amet t-bone doner shank drumstick, pork belly porchetta chuck sausage brisket ham hock rump pig. Chuck kielbasa leberkas, pork bresaola ham hock filet mignon cow shoulder short ribs biltong.&lt;/p&gt;
&lt;/blockquote&gt;
&lt;h3 id=&#34;header-3&#34;&gt;Header 3&lt;/h3&gt;
&lt;pre tabindex=&#34;0&#34;&gt;&lt;code&gt;This is a code block following a header.
&lt;/code&gt;&lt;/pre&gt;&lt;p&gt;Next level leggings before they sold out, PBR&amp;amp;B church-key shaman echo park. Kale chips occupy godard whatever pop-up freegan pork belly selfies. Gastropub Belinda subway tile woke post-ironic seitan. Shabby chic man bun semiotics vape, chia messenger bag plaid cardigan.&lt;/p&gt;
&lt;h4 id=&#34;header-4&#34;&gt;Header 4&lt;/h4&gt;
&lt;ul&gt;
&lt;li&gt;This is an unordered list following a header.&lt;/li&gt;
&lt;li&gt;This is an unordered list following a header.&lt;/li&gt;
&lt;li&gt;This is an unordered list following a header.&lt;/li&gt;
&lt;/ul&gt;
&lt;h5 id=&#34;header-5&#34;&gt;Header 5&lt;/h5&gt;
&lt;ol&gt;
&lt;li&gt;This is an ordered list following a header.&lt;/li&gt;
&lt;li&gt;This is an ordered list following a header.&lt;/li&gt;
&lt;li&gt;This is an ordered list following a header.&lt;/li&gt;
&lt;/ol&gt;
&lt;h6 id=&#34;header-6&#34;&gt;Header 6&lt;/h6&gt;
&lt;table&gt;
&lt;thead&gt;
&lt;tr&gt;
&lt;th&gt;What&lt;/th&gt;
&lt;th&gt;Follows&lt;/th&gt;
&lt;/tr&gt;
&lt;/thead&gt;
&lt;tbody&gt;
&lt;tr&gt;
&lt;td&gt;A table&lt;/td&gt;
&lt;td&gt;A header&lt;/td&gt;
&lt;/tr&gt;
&lt;tr&gt;
&lt;td&gt;A table&lt;/td&gt;
&lt;td&gt;A header&lt;/td&gt;
&lt;/tr&gt;
&lt;tr&gt;
&lt;td&gt;A table&lt;/td&gt;
&lt;td&gt;A header&lt;/td&gt;
&lt;/tr&gt;
&lt;/tbody&gt;
&lt;/table&gt;
&lt;hr&gt;
&lt;p&gt;There&amp;rsquo;s a horizontal rule above and below this.&lt;/p&gt;
&lt;hr&gt;
&lt;p&gt;Here is an unordered list:&lt;/p&gt;
&lt;ul&gt;
&lt;li&gt;Liverpool F.C.&lt;/li&gt;
&lt;li&gt;Chelsea F.C.&lt;/li&gt;
&lt;li&gt;Manchester United F.C.&lt;/li&gt;
&lt;/ul&gt;
&lt;p&gt;And an ordered list:&lt;/p&gt;
&lt;ol&gt;
&lt;li&gt;Michael Brecker&lt;/li&gt;
&lt;li&gt;Seamus Blake&lt;/li&gt;
&lt;li&gt;Branford Marsalis&lt;/li&gt;
&lt;/ol&gt;
&lt;p&gt;And an unordered task list:&lt;/p&gt;
&lt;ul&gt;
&lt;li&gt;&lt;input checked=&#34;&#34; disabled=&#34;&#34; type=&#34;checkbox&#34;&gt; Create a Hugo theme&lt;/li&gt;
&lt;li&gt;&lt;input checked=&#34;&#34; disabled=&#34;&#34; type=&#34;checkbox&#34;&gt; Add task lists to it&lt;/li&gt;
&lt;li&gt;&lt;input disabled=&#34;&#34; type=&#34;checkbox&#34;&gt; Take a vacation&lt;/li&gt;
&lt;/ul&gt;
&lt;p&gt;And a &amp;ldquo;mixed&amp;rdquo; task list:&lt;/p&gt;
&lt;ul&gt;
&lt;li&gt;&lt;input disabled=&#34;&#34; type=&#34;checkbox&#34;&gt; Pack bags&lt;/li&gt;
&lt;li&gt;?&lt;/li&gt;
&lt;li&gt;&lt;input disabled=&#34;&#34; type=&#34;checkbox&#34;&gt; Travel!&lt;/li&gt;
&lt;/ul&gt;
&lt;p&gt;And a nested list:&lt;/p&gt;
&lt;ul&gt;
&lt;li&gt;Jackson 5
&lt;ul&gt;
&lt;li&gt;Michael&lt;/li&gt;
&lt;li&gt;Tito&lt;/li&gt;
&lt;li&gt;Jackie&lt;/li&gt;
&lt;li&gt;Marlon&lt;/li&gt;
&lt;li&gt;Jermaine&lt;/li&gt;
&lt;/ul&gt;
&lt;/li&gt;
&lt;li&gt;TMNT
&lt;ul&gt;
&lt;li&gt;Leonardo&lt;/li&gt;
&lt;li&gt;Michelangelo&lt;/li&gt;
&lt;li&gt;Donatello&lt;/li&gt;
&lt;li&gt;Raphael&lt;/li&gt;
&lt;/ul&gt;
&lt;/li&gt;
&lt;/ul&gt;
&lt;p&gt;Definition lists can be used with Markdown syntax. Definition headers are bold.&lt;/p&gt;
&lt;dl&gt;
&lt;dt&gt;Name&lt;/dt&gt;
&lt;dd&gt;Godzilla&lt;/dd&gt;
&lt;dt&gt;Born&lt;/dt&gt;
&lt;dd&gt;1952&lt;/dd&gt;
&lt;dt&gt;Birthplace&lt;/dt&gt;
&lt;dd&gt;Japan&lt;/dd&gt;
&lt;dt&gt;Color&lt;/dt&gt;
&lt;dd&gt;Green&lt;/dd&gt;
&lt;/dl&gt;
&lt;hr&gt;
&lt;p&gt;Tables should have bold headings and alternating shaded rows.&lt;/p&gt;
&lt;table&gt;
&lt;thead&gt;
&lt;tr&gt;
&lt;th&gt;Artist&lt;/th&gt;
&lt;th&gt;Album&lt;/th&gt;
&lt;th&gt;Year&lt;/th&gt;
&lt;/tr&gt;
&lt;/thead&gt;
&lt;tbody&gt;
&lt;tr&gt;
&lt;td&gt;Michael Jackson&lt;/td&gt;
&lt;td&gt;Thriller&lt;/td&gt;
&lt;td&gt;1982&lt;/td&gt;
&lt;/tr&gt;
&lt;tr&gt;
&lt;td&gt;Prince&lt;/td&gt;
&lt;td&gt;Purple Rain&lt;/td&gt;
&lt;td&gt;1984&lt;/td&gt;
&lt;/tr&gt;
&lt;tr&gt;
&lt;td&gt;Beastie Boys&lt;/td&gt;
&lt;td&gt;License to Ill&lt;/td&gt;
&lt;td&gt;1986&lt;/td&gt;
&lt;/tr&gt;
&lt;/tbody&gt;
&lt;/table&gt;
&lt;p&gt;If a table is too wide, it should scroll horizontally.&lt;/p&gt;
&lt;table&gt;
&lt;thead&gt;
&lt;tr&gt;
&lt;th&gt;Artist&lt;/th&gt;
&lt;th&gt;Album&lt;/th&gt;
&lt;th&gt;Year&lt;/th&gt;
&lt;th&gt;Label&lt;/th&gt;
&lt;th&gt;Awards&lt;/th&gt;
&lt;th&gt;Songs&lt;/th&gt;
&lt;/tr&gt;
&lt;/thead&gt;
&lt;tbody&gt;
&lt;tr&gt;
&lt;td&gt;Michael Jackson&lt;/td&gt;
&lt;td&gt;Thriller&lt;/td&gt;
&lt;td&gt;1982&lt;/td&gt;
&lt;td&gt;Epic Records&lt;/td&gt;
&lt;td&gt;Grammy Award for Album of the Year, American Music Award for Favorite Pop/Rock Album, American Music Award for Favorite Soul/R&amp;amp;B Album, Brit Award for Best Selling Album, Grammy Award for Best Engineered Album, Non-Classical&lt;/td&gt;
&lt;td&gt;Wanna Be Startin&amp;rsquo; Somethin&amp;rsquo;, Baby Be Mine, The Girl Is Mine, Thriller, Beat It, Billie Jean, Human Nature, P.Y.T. (Pretty Young Thing), The Lady in My Life&lt;/td&gt;
&lt;/tr&gt;
&lt;tr&gt;
&lt;td&gt;Prince&lt;/td&gt;
&lt;td&gt;Purple Rain&lt;/td&gt;
&lt;td&gt;1984&lt;/td&gt;
&lt;td&gt;Warner Brothers Records&lt;/td&gt;
&lt;td&gt;Grammy Award for Best Score Soundtrack for Visual Media, American Music Award for Favorite Pop/Rock Album, American Music Award for Favorite Soul/R&amp;amp;B Album, Brit Award for Best Soundtrack/Cast Recording, Grammy Award for Best Rock Performance by a Duo or Group with Vocal&lt;/td&gt;
&lt;td&gt;Let&amp;rsquo;s Go Crazy, Take Me With U, The Beautiful Ones, Computer Blue, Darling Nikki, When Doves Cry, I Would Die 4 U, Baby I&amp;rsquo;m a Star, Purple Rain&lt;/td&gt;
&lt;/tr&gt;
&lt;tr&gt;
&lt;td&gt;Beastie Boys&lt;/td&gt;
&lt;td&gt;License to Ill&lt;/td&gt;
&lt;td&gt;1986&lt;/td&gt;
&lt;td&gt;Mercury Records&lt;/td&gt;
&lt;td&gt;noawardsbutthistablecelliswide&lt;/td&gt;
&lt;td&gt;Rhymin &amp;amp; Stealin, The New Style, She&amp;rsquo;s Crafty, Posse in Effect, Slow Ride, Girls, (You Gotta) Fight for Your Right, No Sleep Till Brooklyn, Paul Revere, Hold It Now, Hit It, Brass Monkey, Slow and Low, Time to Get Ill&lt;/td&gt;
&lt;/tr&gt;
&lt;/tbody&gt;
&lt;/table&gt;
&lt;hr&gt;
&lt;p&gt;Code snippets like &lt;code&gt;var foo = &amp;quot;bar&amp;quot;;&lt;/code&gt; can be shown inline.&lt;/p&gt;
&lt;p&gt;Also, &lt;code&gt;this should vertically align&lt;/code&gt; &lt;del&gt;&lt;code&gt;with this&lt;/code&gt;&lt;/del&gt; &lt;del&gt;and this&lt;/del&gt;.&lt;/p&gt;
&lt;p&gt;Code can also be shown in a block element.&lt;/p&gt;
&lt;pre tabindex=&#34;0&#34;&gt;&lt;code&gt;foo := &amp;#34;bar&amp;#34;;
bar := &amp;#34;foo&amp;#34;;
&lt;/code&gt;&lt;/pre&gt;&lt;p&gt;Code can also use syntax highlighting.&lt;/p&gt;
&lt;div class=&#34;highlight&#34;&gt;&lt;pre tabindex=&#34;0&#34; style=&#34;background-color:#f8f8f8;-moz-tab-size:4;-o-tab-size:4;tab-size:4;&#34;&gt;&lt;code class=&#34;language-go&#34; data-lang=&#34;go&#34;&gt;&lt;span style=&#34;display:flex;&#34;&gt;&lt;span&gt;&lt;span style=&#34;color:#204a87;font-weight:bold&#34;&gt;func&lt;/span&gt; &lt;span style=&#34;color:#000&#34;&gt;main&lt;/span&gt;&lt;span style=&#34;color:#000;font-weight:bold&#34;&gt;()&lt;/span&gt; &lt;span style=&#34;color:#000;font-weight:bold&#34;&gt;{&lt;/span&gt;
&lt;/span&gt;&lt;/span&gt;&lt;span style=&#34;display:flex;&#34;&gt;&lt;span&gt;  &lt;span style=&#34;color:#000&#34;&gt;input&lt;/span&gt; &lt;span style=&#34;color:#ce5c00;font-weight:bold&#34;&gt;:=&lt;/span&gt; &lt;span style=&#34;color:#4e9a06&#34;&gt;`var foo = &amp;#34;bar&amp;#34;;`&lt;/span&gt;
&lt;/span&gt;&lt;/span&gt;&lt;span style=&#34;display:flex;&#34;&gt;&lt;span&gt;
&lt;/span&gt;&lt;/span&gt;&lt;span style=&#34;display:flex;&#34;&gt;&lt;span&gt;  &lt;span style=&#34;color:#000&#34;&gt;lexer&lt;/span&gt; &lt;span style=&#34;color:#ce5c00;font-weight:bold&#34;&gt;:=&lt;/span&gt; &lt;span style=&#34;color:#000&#34;&gt;lexers&lt;/span&gt;&lt;span style=&#34;color:#000;font-weight:bold&#34;&gt;.&lt;/span&gt;&lt;span style=&#34;color:#000&#34;&gt;Get&lt;/span&gt;&lt;span style=&#34;color:#000;font-weight:bold&#34;&gt;(&lt;/span&gt;&lt;span style=&#34;color:#4e9a06&#34;&gt;&amp;#34;javascript&amp;#34;&lt;/span&gt;&lt;span style=&#34;color:#000;font-weight:bold&#34;&gt;)&lt;/span&gt;
&lt;/span&gt;&lt;/span&gt;&lt;span style=&#34;display:flex;&#34;&gt;&lt;span&gt;  &lt;span style=&#34;color:#000&#34;&gt;iterator&lt;/span&gt;&lt;span style=&#34;color:#000;font-weight:bold&#34;&gt;,&lt;/span&gt; &lt;span style=&#34;color:#000&#34;&gt;_&lt;/span&gt; &lt;span style=&#34;color:#ce5c00;font-weight:bold&#34;&gt;:=&lt;/span&gt; &lt;span style=&#34;color:#000&#34;&gt;lexer&lt;/span&gt;&lt;span style=&#34;color:#000;font-weight:bold&#34;&gt;.&lt;/span&gt;&lt;span style=&#34;color:#000&#34;&gt;Tokenise&lt;/span&gt;&lt;span style=&#34;color:#000;font-weight:bold&#34;&gt;(&lt;/span&gt;&lt;span style=&#34;color:#204a87;font-weight:bold&#34;&gt;nil&lt;/span&gt;&lt;span style=&#34;color:#000;font-weight:bold&#34;&gt;,&lt;/span&gt; &lt;span style=&#34;color:#000&#34;&gt;input&lt;/span&gt;&lt;span style=&#34;color:#000;font-weight:bold&#34;&gt;)&lt;/span&gt;
&lt;/span&gt;&lt;/span&gt;&lt;span style=&#34;display:flex;&#34;&gt;&lt;span&gt;  &lt;span style=&#34;color:#000&#34;&gt;style&lt;/span&gt; &lt;span style=&#34;color:#ce5c00;font-weight:bold&#34;&gt;:=&lt;/span&gt; &lt;span style=&#34;color:#000&#34;&gt;styles&lt;/span&gt;&lt;span style=&#34;color:#000;font-weight:bold&#34;&gt;.&lt;/span&gt;&lt;span style=&#34;color:#000&#34;&gt;Get&lt;/span&gt;&lt;span style=&#34;color:#000;font-weight:bold&#34;&gt;(&lt;/span&gt;&lt;span style=&#34;color:#4e9a06&#34;&gt;&amp;#34;github&amp;#34;&lt;/span&gt;&lt;span style=&#34;color:#000;font-weight:bold&#34;&gt;)&lt;/span&gt;
&lt;/span&gt;&lt;/span&gt;&lt;span style=&#34;display:flex;&#34;&gt;&lt;span&gt;  &lt;span style=&#34;color:#000&#34;&gt;formatter&lt;/span&gt; &lt;span style=&#34;color:#ce5c00;font-weight:bold&#34;&gt;:=&lt;/span&gt; &lt;span style=&#34;color:#000&#34;&gt;html&lt;/span&gt;&lt;span style=&#34;color:#000;font-weight:bold&#34;&gt;.&lt;/span&gt;&lt;span style=&#34;color:#000&#34;&gt;New&lt;/span&gt;&lt;span style=&#34;color:#000;font-weight:bold&#34;&gt;(&lt;/span&gt;&lt;span style=&#34;color:#000&#34;&gt;html&lt;/span&gt;&lt;span style=&#34;color:#000;font-weight:bold&#34;&gt;.&lt;/span&gt;&lt;span style=&#34;color:#000&#34;&gt;WithLineNumbers&lt;/span&gt;&lt;span style=&#34;color:#000;font-weight:bold&#34;&gt;())&lt;/span&gt;
&lt;/span&gt;&lt;/span&gt;&lt;span style=&#34;display:flex;&#34;&gt;&lt;span&gt;
&lt;/span&gt;&lt;/span&gt;&lt;span style=&#34;display:flex;&#34;&gt;&lt;span&gt;  &lt;span style=&#34;color:#204a87;font-weight:bold&#34;&gt;var&lt;/span&gt; &lt;span style=&#34;color:#000&#34;&gt;buff&lt;/span&gt; &lt;span style=&#34;color:#000&#34;&gt;bytes&lt;/span&gt;&lt;span style=&#34;color:#000;font-weight:bold&#34;&gt;.&lt;/span&gt;&lt;span style=&#34;color:#000&#34;&gt;Buffer&lt;/span&gt;
&lt;/span&gt;&lt;/span&gt;&lt;span style=&#34;display:flex;&#34;&gt;&lt;span&gt;  &lt;span style=&#34;color:#000&#34;&gt;formatter&lt;/span&gt;&lt;span style=&#34;color:#000;font-weight:bold&#34;&gt;.&lt;/span&gt;&lt;span style=&#34;color:#000&#34;&gt;Format&lt;/span&gt;&lt;span style=&#34;color:#000;font-weight:bold&#34;&gt;(&lt;/span&gt;&lt;span style=&#34;color:#ce5c00;font-weight:bold&#34;&gt;&amp;amp;&lt;/span&gt;&lt;span style=&#34;color:#000&#34;&gt;buff&lt;/span&gt;&lt;span style=&#34;color:#000;font-weight:bold&#34;&gt;,&lt;/span&gt; &lt;span style=&#34;color:#000&#34;&gt;style&lt;/span&gt;&lt;span style=&#34;color:#000;font-weight:bold&#34;&gt;,&lt;/span&gt; &lt;span style=&#34;color:#000&#34;&gt;iterator&lt;/span&gt;&lt;span style=&#34;color:#000;font-weight:bold&#34;&gt;)&lt;/span&gt;
&lt;/span&gt;&lt;/span&gt;&lt;span style=&#34;display:flex;&#34;&gt;&lt;span&gt;
&lt;/span&gt;&lt;/span&gt;&lt;span style=&#34;display:flex;&#34;&gt;&lt;span&gt;  &lt;span style=&#34;color:#000&#34;&gt;fmt&lt;/span&gt;&lt;span style=&#34;color:#000;font-weight:bold&#34;&gt;.&lt;/span&gt;&lt;span style=&#34;color:#000&#34;&gt;Println&lt;/span&gt;&lt;span style=&#34;color:#000;font-weight:bold&#34;&gt;(&lt;/span&gt;&lt;span style=&#34;color:#000&#34;&gt;buff&lt;/span&gt;&lt;span style=&#34;color:#000;font-weight:bold&#34;&gt;.&lt;/span&gt;&lt;span style=&#34;color:#000&#34;&gt;String&lt;/span&gt;&lt;span style=&#34;color:#000;font-weight:bold&#34;&gt;())&lt;/span&gt;
&lt;/span&gt;&lt;/span&gt;&lt;span style=&#34;display:flex;&#34;&gt;&lt;span&gt;&lt;span style=&#34;color:#000;font-weight:bold&#34;&gt;}&lt;/span&gt;
&lt;/span&gt;&lt;/span&gt;&lt;/code&gt;&lt;/pre&gt;&lt;/div&gt;&lt;pre tabindex=&#34;0&#34;&gt;&lt;code&gt;Long, single-line code blocks should not wrap. They should horizontally scroll if they are too long. This line should be long enough to demonstrate this.
&lt;/code&gt;&lt;/pre&gt;&lt;p&gt;Inline code inside table cells should still be distinguishable.&lt;/p&gt;
&lt;table&gt;
&lt;thead&gt;
&lt;tr&gt;
&lt;th&gt;Language&lt;/th&gt;
&lt;th&gt;Code&lt;/th&gt;
&lt;/tr&gt;
&lt;/thead&gt;
&lt;tbody&gt;
&lt;tr&gt;
&lt;td&gt;Javascript&lt;/td&gt;
&lt;td&gt;&lt;code&gt;var foo = &amp;quot;bar&amp;quot;;&lt;/code&gt;&lt;/td&gt;
&lt;/tr&gt;
&lt;tr&gt;
&lt;td&gt;Ruby&lt;/td&gt;
&lt;td&gt;&lt;code&gt;foo = &amp;quot;bar&amp;quot;{&lt;/code&gt;&lt;/td&gt;
&lt;/tr&gt;
&lt;/tbody&gt;
&lt;/table&gt;
&lt;hr&gt;
&lt;p&gt;Small images should be shown at their actual size.&lt;/p&gt;
&lt;p&gt;&lt;img src=&#34;https://upload.wikimedia.org/wikipedia/commons/thumb/9/9e/Picea_abies_shoot_with_buds%2C_Sogndal%2C_Norway.jpg/240px-Picea_abies_shoot_with_buds%2C_Sogndal%2C_Norway.jpg&#34; alt=&#34;&#34;&gt;&lt;/p&gt;
&lt;p&gt;Large images should always scale down and fit in the content container.&lt;/p&gt;
&lt;p&gt;&lt;img src=&#34;https://upload.wikimedia.org/wikipedia/commons/thumb/9/9e/Picea_abies_shoot_with_buds%2C_Sogndal%2C_Norway.jpg/1024px-Picea_abies_shoot_with_buds%2C_Sogndal%2C_Norway.jpg&#34; alt=&#34;&#34;&gt;&lt;/p&gt;
&lt;p&gt;&lt;em&gt;The photo above of the Spruce Picea abies shoot with foliage buds: Bjørn Erik Pedersen, CC-BY-SA.&lt;/em&gt;&lt;/p&gt;
&lt;h2 id=&#34;components&#34;&gt;Components&lt;/h2&gt;
&lt;h3 id=&#34;alerts&#34;&gt;Alerts&lt;/h3&gt;
&lt;p&gt;

&lt;div class=&#34;alert alert-primary&#34; role=&#34;alert&#34;&gt;


    This is an alert.

&lt;/div&gt;



&lt;div class=&#34;alert alert-primary&#34; role=&#34;alert&#34;&gt;
&lt;h4 class=&#34;alert-heading&#34;&gt;Note&lt;/h4&gt;

    This is an alert with a title.

&lt;/div&gt;



&lt;div class=&#34;alert alert-primary&#34; role=&#34;alert&#34;&gt;
&lt;h4 class=&#34;alert-heading&#34;&gt;Note&lt;/h4&gt;

    This is an alert with a title and &lt;strong&gt;Markdown&lt;/strong&gt;.

&lt;/div&gt;



&lt;div class=&#34;alert alert-success&#34; role=&#34;alert&#34;&gt;


    This is a successful alert.

&lt;/div&gt;



&lt;div class=&#34;alert alert-warning&#34; role=&#34;alert&#34;&gt;


    This is a warning.

&lt;/div&gt;



&lt;div class=&#34;alert alert-warning&#34; role=&#34;alert&#34;&gt;
&lt;h4 class=&#34;alert-heading&#34;&gt;Warning&lt;/h4&gt;

    This is a warning with a title.

&lt;/div&gt;
&lt;/p&gt;
&lt;h2 id=&#34;another-heading&#34;&gt;Another Heading&lt;/h2&gt;
&lt;p&gt;Add some sections here to see how the ToC looks like. Bacon ipsum dolor sit amet t-bone doner shank drumstick, pork belly porchetta chuck sausage brisket ham hock rump pig. Chuck kielbasa leberkas, pork bresaola ham hock filet mignon cow shoulder short ribs biltong.&lt;/p&gt;
&lt;h3 id=&#34;this-document&#34;&gt;This Document&lt;/h3&gt;
&lt;p&gt;Inguina genus: Anaphen post: lingua violente voce suae meus aetate diversi. Orbis unam nec flammaeque status deam Silenum erat et a ferrea. Excitus rigidum ait: vestro et Herculis convicia: nitidae deseruit coniuge Proteaque adiciam &lt;em&gt;eripitur&lt;/em&gt;? Sitim noceat signa &lt;em&gt;probat quidem&lt;/em&gt;. Sua longis &lt;em&gt;fugatis&lt;/em&gt; quidem genae.&lt;/p&gt;
&lt;h3 id=&#34;pixel-count&#34;&gt;Pixel Count&lt;/h3&gt;
&lt;p&gt;Tilde photo booth wayfarers cliche lomo intelligentsia man braid kombucha vaporware farm-to-table mixtape portland. PBR&amp;amp;B pickled cornhole ugh try-hard ethical subway tile. Fixie paleo intelligentsia pabst. Ennui waistcoat vinyl gochujang. Poutine salvia authentic affogato, chambray lumbersexual shabby chic.&lt;/p&gt;
&lt;h3 id=&#34;contact-info&#34;&gt;Contact Info&lt;/h3&gt;
&lt;p&gt;Plaid hell of cred microdosing, succulents tilde pour-over. Offal shabby chic 3 wolf moon blue bottle raw denim normcore poutine pork belly.&lt;/p&gt;
&lt;h3 id=&#34;external-links&#34;&gt;External Links&lt;/h3&gt;
&lt;p&gt;Stumptown PBR&amp;amp;B keytar plaid street art, forage XOXO pitchfork selvage affogato green juice listicle pickled everyday carry hashtag. Organic sustainable letterpress sartorial scenester intelligentsia swag bushwick. Put a bird on it stumptown neutra locavore. IPhone typewriter messenger bag narwhal. Ennui cold-pressed seitan flannel keytar, single-origin coffee adaptogen occupy yuccie williamsburg chillwave shoreditch forage waistcoat.&lt;/p&gt;
&lt;pre tabindex=&#34;0&#34;&gt;&lt;code&gt;This is the final element on the page and there should be no margin below this.
&lt;/code&gt;&lt;/pre&gt;
      </description>
    </item>
    
  </channel>
</rss>
