<rss version="2.0" xmlns:atom="http://www.w3.org/2005/Atom">
  <channel>
    <title>454 Bio – Home</title>
    <link>/</link>
    <description>Recent content in Home on 454 Bio</description>
    <generator>Hugo -- gohugo.io</generator>
    <language>en</language>
    <lastBuildDate>Fri, 29 Dec 2023 00:00:00 +0000</lastBuildDate>
    
	  <atom:link href="/index.xml" rel="self" type="application/rss+xml" />
    
    
      
      
    
    
    <item>
      <title>Blog: Easy documentation with Docsy</title>
      <link>/blog/2018/10/06/easy-documentation-with-docsy/</link>
      <pubDate>Sat, 06 Oct 2018 00:00:00 +0000</pubDate>
      
      <guid>/blog/2018/10/06/easy-documentation-with-docsy/</guid>
      <description>
        
        
        
        <![CDATA[<img src="/blog/2018/10/06/easy-documentation-with-docsy/featured-sunset-get_hu69849a7cdb847c2393a7b3a7f6061c86_387442_640x0_resize_catmullrom_3.png" width="640" height="253"/>]]>
        
        &lt;p&gt;&lt;strong&gt;This is a typical blog post that includes images.&lt;/strong&gt;&lt;/p&gt;
&lt;p&gt;The front matter specifies the date of the blog post, its title, a short description that will be displayed on the blog landing page, and its author.&lt;/p&gt;
&lt;h2 id=&#34;including-images&#34;&gt;Including images&lt;/h2&gt;
&lt;p&gt;Here&amp;rsquo;s an image (&lt;code&gt;featured-sunset-get.png&lt;/code&gt;) that includes a byline and a caption.&lt;/p&gt;
&lt;figure class=&#34;card rounded p-2 td-post-card mb-4 mt-4&#34; style=&#34;max-width: 610px&#34;&gt;
&lt;img class=&#34;card-img-top&#34; src=&#34;/blog/2018/10/06/easy-documentation-with-docsy/featured-sunset-get_hu69849a7cdb847c2393a7b3a7f6061c86_387442_600x300_fill_catmullrom_smart1_3.png&#34; width=&#34;600&#34; height=&#34;300&#34;&gt;
&lt;figcaption class=&#34;card-body px-0 pt-2 pb-0&#34;&gt;
&lt;p class=&#34;card-text&#34;&gt;


Fetch and scale an image in the upcoming Hugo 0.43.
&lt;small class=&#34;text-muted&#34;&gt;&lt;br/&gt;Photo: Riona MacNamara / CC-BY-CA&lt;/small&gt;
&lt;/p&gt;
&lt;/figcaption&gt;
&lt;/figure&gt;

&lt;p&gt;The front matter of this post specifies properties to be assigned to all image resources:&lt;/p&gt;
&lt;pre tabindex=&#34;0&#34;&gt;&lt;code&gt;resources:
- src: &amp;#34;**.{png,jpg}&amp;#34;
  title: &amp;#34;Image #:counter&amp;#34;
  params:
    byline: &amp;#34;Photo: Riona MacNamara / CC-BY-CA&amp;#34;
&lt;/code&gt;&lt;/pre&gt;&lt;p&gt;To include the image in a page, specify its details like this:&lt;/p&gt;
&lt;pre tabindex=&#34;0&#34;&gt;&lt;code&gt;&lt;figure class=&#34;card rounded p-2 td-post-card mb-4 mt-4&#34; style=&#34;max-width: 610px&#34;&gt;
&lt;img class=&#34;card-img-top&#34; src=&#34;/blog/2018/10/06/easy-documentation-with-docsy/featured-sunset-get_hu69849a7cdb847c2393a7b3a7f6061c86_387442_600x300_fill_catmullrom_smart1_3.png&#34; width=&#34;600&#34; height=&#34;300&#34;&gt;
&lt;figcaption class=&#34;card-body px-0 pt-2 pb-0&#34;&gt;
&lt;p class=&#34;card-text&#34;&gt;


Fetch and scale an image in the upcoming Hugo 0.43.
&lt;small class=&#34;text-muted&#34;&gt;&lt;br/&gt;Photo: Riona MacNamara / CC-BY-CA&lt;/small&gt;
&lt;/p&gt;
&lt;/figcaption&gt;
&lt;/figure&gt;

&lt;/code&gt;&lt;/pre&gt;&lt;p&gt;The image will be rendered at the size and byline specified in the front matter.&lt;/p&gt;

      </description>
    </item>
    
    <item>
      <title>Blog: Second blog post</title>
      <link>/blog/2018/10/06/second-blog-post/</link>
      <pubDate>Sat, 06 Oct 2018 00:00:00 +0000</pubDate>
      
      <guid>/blog/2018/10/06/second-blog-post/</guid>
      <description>
        
        
        &lt;p&gt;Text can be &lt;strong&gt;bold&lt;/strong&gt;, &lt;em&gt;italic&lt;/em&gt;, or &lt;del&gt;strikethrough&lt;/del&gt;. &lt;a href=&#34;https://github.com&#34;&gt;Links&lt;/a&gt; should be blue with no underlines (unless hovered over).&lt;/p&gt;
&lt;p&gt;There should be whitespace between paragraphs. There should be whitespace between paragraphs. There should be whitespace between paragraphs. There should be whitespace between paragraphs.&lt;/p&gt;
&lt;p&gt;There should be whitespace between paragraphs. There should be whitespace between paragraphs. There should be whitespace between paragraphs. There should be whitespace between paragraphs.&lt;/p&gt;
&lt;blockquote&gt;
&lt;p&gt;There should be no margin above this first sentence.&lt;/p&gt;
&lt;p&gt;Blockquotes should be a lighter gray with a border along the left side in the secondary color.&lt;/p&gt;
&lt;p&gt;There should be no margin below this final sentence.&lt;/p&gt;
&lt;/blockquote&gt;
&lt;h2 id=&#34;first-header&#34;&gt;First Header&lt;/h2&gt;
&lt;p&gt;This is a normal paragraph following a header. Bacon ipsum dolor sit amet t-bone doner shank drumstick, pork belly porchetta chuck sausage brisket ham hock rump pig. Chuck kielbasa leberkas, pork bresaola ham hock filet mignon cow shoulder short ribs biltong.  Bacon ipsum dolor sit amet t-bone doner shank drumstick, pork belly porchetta chuck sausage brisket ham hock rump pig. Chuck kielbasa leberkas, pork bresaola ham hock filet mignon cow shoulder short ribs biltong.  Bacon ipsum dolor sit amet t-bone doner shank drumstick, pork belly porchetta chuck sausage brisket ham hock rump pig. Chuck kielbasa leberkas, pork bresaola ham hock filet mignon cow shoulder short ribs biltong.&lt;/p&gt;
&lt;p&gt;Bacon ipsum dolor sit amet t-bone doner shank drumstick, pork belly porchetta chuck sausage brisket ham hock rump pig. Chuck kielbasa leberkas, pork bresaola ham hock filet mignon cow shoulder short ribs biltong.&lt;/p&gt;
&lt;p&gt;On big screens, paragraphs and headings should not take up the full container width, but we want tables, code blocks and similar to take the full width.&lt;/p&gt;
&lt;p&gt;Lorem markdownum tuta hospes stabat; idem saxum facit quaterque repetito
occumbere, oves novem gestit haerebat frena; qui. Respicit recurvam erat:
pignora hinc reppulit nos &lt;strong&gt;aut&lt;/strong&gt;, aptos, ipsa.&lt;/p&gt;
&lt;p&gt;Meae optatos &lt;em&gt;passa est&lt;/em&gt; Epiros utiliter &lt;em&gt;Talibus niveis&lt;/em&gt;, hoc lata, edidit.
Dixi ad aestum.&lt;/p&gt;
&lt;h2 id=&#34;header-2&#34;&gt;Header 2&lt;/h2&gt;
&lt;blockquote&gt;
&lt;p&gt;This is a blockquote following a header. Bacon ipsum dolor sit amet t-bone doner shank drumstick, pork belly porchetta chuck sausage brisket ham hock rump pig. Chuck kielbasa leberkas, pork bresaola ham hock filet mignon cow shoulder short ribs biltong.&lt;/p&gt;
&lt;/blockquote&gt;
&lt;h3 id=&#34;header-3&#34;&gt;Header 3&lt;/h3&gt;
&lt;pre tabindex=&#34;0&#34;&gt;&lt;code&gt;This is a code block following a header.
&lt;/code&gt;&lt;/pre&gt;&lt;h4 id=&#34;header-4&#34;&gt;Header 4&lt;/h4&gt;
&lt;ul&gt;
&lt;li&gt;This is an unordered list following a header.&lt;/li&gt;
&lt;li&gt;This is an unordered list following a header.&lt;/li&gt;
&lt;li&gt;This is an unordered list following a header.&lt;/li&gt;
&lt;/ul&gt;
&lt;h5 id=&#34;header-5&#34;&gt;Header 5&lt;/h5&gt;
&lt;ol&gt;
&lt;li&gt;This is an ordered list following a header.&lt;/li&gt;
&lt;li&gt;This is an ordered list following a header.&lt;/li&gt;
&lt;li&gt;This is an ordered list following a header.&lt;/li&gt;
&lt;/ol&gt;
&lt;h6 id=&#34;header-6&#34;&gt;Header 6&lt;/h6&gt;
&lt;table&gt;
&lt;thead&gt;
&lt;tr&gt;
&lt;th&gt;What&lt;/th&gt;
&lt;th&gt;Follows&lt;/th&gt;
&lt;/tr&gt;
&lt;/thead&gt;
&lt;tbody&gt;
&lt;tr&gt;
&lt;td&gt;A table&lt;/td&gt;
&lt;td&gt;A header&lt;/td&gt;
&lt;/tr&gt;
&lt;tr&gt;
&lt;td&gt;A table&lt;/td&gt;
&lt;td&gt;A header&lt;/td&gt;
&lt;/tr&gt;
&lt;tr&gt;
&lt;td&gt;A table&lt;/td&gt;
&lt;td&gt;A header&lt;/td&gt;
&lt;/tr&gt;
&lt;/tbody&gt;
&lt;/table&gt;
&lt;hr&gt;
&lt;p&gt;There&amp;rsquo;s a horizontal rule above and below this.&lt;/p&gt;
&lt;hr&gt;
&lt;p&gt;Here is an unordered list:&lt;/p&gt;
&lt;ul&gt;
&lt;li&gt;Salt-n-Pepa&lt;/li&gt;
&lt;li&gt;Bel Biv DeVoe&lt;/li&gt;
&lt;li&gt;Kid &amp;lsquo;N Play&lt;/li&gt;
&lt;/ul&gt;
&lt;p&gt;And an ordered list:&lt;/p&gt;
&lt;ol&gt;
&lt;li&gt;Michael Jackson&lt;/li&gt;
&lt;li&gt;Michael Bolton&lt;/li&gt;
&lt;li&gt;Michael Bublé&lt;/li&gt;
&lt;/ol&gt;
&lt;p&gt;And an unordered task list:&lt;/p&gt;
&lt;ul&gt;
&lt;li&gt;&lt;input checked=&#34;&#34; disabled=&#34;&#34; type=&#34;checkbox&#34;&gt; Create a sample markdown document&lt;/li&gt;
&lt;li&gt;&lt;input checked=&#34;&#34; disabled=&#34;&#34; type=&#34;checkbox&#34;&gt; Add task lists to it&lt;/li&gt;
&lt;li&gt;&lt;input disabled=&#34;&#34; type=&#34;checkbox&#34;&gt; Take a vacation&lt;/li&gt;
&lt;/ul&gt;
&lt;p&gt;And a &amp;ldquo;mixed&amp;rdquo; task list:&lt;/p&gt;
&lt;ul&gt;
&lt;li&gt;&lt;input disabled=&#34;&#34; type=&#34;checkbox&#34;&gt; Steal underpants&lt;/li&gt;
&lt;li&gt;?&lt;/li&gt;
&lt;li&gt;&lt;input disabled=&#34;&#34; type=&#34;checkbox&#34;&gt; Profit!&lt;/li&gt;
&lt;/ul&gt;
&lt;p&gt;And a nested list:&lt;/p&gt;
&lt;ul&gt;
&lt;li&gt;Jackson 5
&lt;ul&gt;
&lt;li&gt;Michael&lt;/li&gt;
&lt;li&gt;Tito&lt;/li&gt;
&lt;li&gt;Jackie&lt;/li&gt;
&lt;li&gt;Marlon&lt;/li&gt;
&lt;li&gt;Jermaine&lt;/li&gt;
&lt;/ul&gt;
&lt;/li&gt;
&lt;li&gt;TMNT
&lt;ul&gt;
&lt;li&gt;Leonardo&lt;/li&gt;
&lt;li&gt;Michelangelo&lt;/li&gt;
&lt;li&gt;Donatello&lt;/li&gt;
&lt;li&gt;Raphael&lt;/li&gt;
&lt;/ul&gt;
&lt;/li&gt;
&lt;/ul&gt;
&lt;p&gt;Definition lists can be used with Markdown syntax. Definition terms are bold.&lt;/p&gt;
&lt;dl&gt;
&lt;dt&gt;Name&lt;/dt&gt;
&lt;dd&gt;Godzilla&lt;/dd&gt;
&lt;dt&gt;Born&lt;/dt&gt;
&lt;dd&gt;1952&lt;/dd&gt;
&lt;dt&gt;Birthplace&lt;/dt&gt;
&lt;dd&gt;Japan&lt;/dd&gt;
&lt;dt&gt;Color&lt;/dt&gt;
&lt;dd&gt;Green&lt;/dd&gt;
&lt;/dl&gt;
&lt;hr&gt;
&lt;p&gt;Tables should have bold headings and alternating shaded rows.&lt;/p&gt;
&lt;table&gt;
&lt;thead&gt;
&lt;tr&gt;
&lt;th&gt;Artist&lt;/th&gt;
&lt;th&gt;Album&lt;/th&gt;
&lt;th&gt;Year&lt;/th&gt;
&lt;/tr&gt;
&lt;/thead&gt;
&lt;tbody&gt;
&lt;tr&gt;
&lt;td&gt;Michael Jackson&lt;/td&gt;
&lt;td&gt;Thriller&lt;/td&gt;
&lt;td&gt;1982&lt;/td&gt;
&lt;/tr&gt;
&lt;tr&gt;
&lt;td&gt;Prince&lt;/td&gt;
&lt;td&gt;Purple Rain&lt;/td&gt;
&lt;td&gt;1984&lt;/td&gt;
&lt;/tr&gt;
&lt;tr&gt;
&lt;td&gt;Beastie Boys&lt;/td&gt;
&lt;td&gt;License to Ill&lt;/td&gt;
&lt;td&gt;1986&lt;/td&gt;
&lt;/tr&gt;
&lt;/tbody&gt;
&lt;/table&gt;
&lt;p&gt;If a table is too wide, it should scroll horizontally.&lt;/p&gt;
&lt;table&gt;
&lt;thead&gt;
&lt;tr&gt;
&lt;th&gt;Artist&lt;/th&gt;
&lt;th&gt;Album&lt;/th&gt;
&lt;th&gt;Year&lt;/th&gt;
&lt;th&gt;Label&lt;/th&gt;
&lt;th&gt;Awards&lt;/th&gt;
&lt;th&gt;Songs&lt;/th&gt;
&lt;/tr&gt;
&lt;/thead&gt;
&lt;tbody&gt;
&lt;tr&gt;
&lt;td&gt;Michael Jackson&lt;/td&gt;
&lt;td&gt;Thriller&lt;/td&gt;
&lt;td&gt;1982&lt;/td&gt;
&lt;td&gt;Epic Records&lt;/td&gt;
&lt;td&gt;Grammy Award for Album of the Year, American Music Award for Favorite Pop/Rock Album, American Music Award for Favorite Soul/R&amp;amp;B Album, Brit Award for Best Selling Album, Grammy Award for Best Engineered Album, Non-Classical&lt;/td&gt;
&lt;td&gt;Wanna Be Startin&amp;rsquo; Somethin&amp;rsquo;, Baby Be Mine, The Girl Is Mine, Thriller, Beat It, Billie Jean, Human Nature, P.Y.T. (Pretty Young Thing), The Lady in My Life&lt;/td&gt;
&lt;/tr&gt;
&lt;tr&gt;
&lt;td&gt;Prince&lt;/td&gt;
&lt;td&gt;Purple Rain&lt;/td&gt;
&lt;td&gt;1984&lt;/td&gt;
&lt;td&gt;Warner Brothers Records&lt;/td&gt;
&lt;td&gt;Grammy Award for Best Score Soundtrack for Visual Media, American Music Award for Favorite Pop/Rock Album, American Music Award for Favorite Soul/R&amp;amp;B Album, Brit Award for Best Soundtrack/Cast Recording, Grammy Award for Best Rock Performance by a Duo or Group with Vocal&lt;/td&gt;
&lt;td&gt;Let&amp;rsquo;s Go Crazy, Take Me With U, The Beautiful Ones, Computer Blue, Darling Nikki, When Doves Cry, I Would Die 4 U, Baby I&amp;rsquo;m a Star, Purple Rain&lt;/td&gt;
&lt;/tr&gt;
&lt;tr&gt;
&lt;td&gt;Beastie Boys&lt;/td&gt;
&lt;td&gt;License to Ill&lt;/td&gt;
&lt;td&gt;1986&lt;/td&gt;
&lt;td&gt;Mercury Records&lt;/td&gt;
&lt;td&gt;noawardsbutthistablecelliswide&lt;/td&gt;
&lt;td&gt;Rhymin &amp;amp; Stealin, The New Style, She&amp;rsquo;s Crafty, Posse in Effect, Slow Ride, Girls, (You Gotta) Fight for Your Right, No Sleep Till Brooklyn, Paul Revere, Hold It Now, Hit It, Brass Monkey, Slow and Low, Time to Get Ill&lt;/td&gt;
&lt;/tr&gt;
&lt;/tbody&gt;
&lt;/table&gt;
&lt;hr&gt;
&lt;p&gt;Code snippets like &lt;code&gt;var foo = &amp;quot;bar&amp;quot;;&lt;/code&gt; can be shown inline.&lt;/p&gt;
&lt;p&gt;Also, &lt;code&gt;this should vertically align&lt;/code&gt; &lt;del&gt;&lt;code&gt;with this&lt;/code&gt;&lt;/del&gt; &lt;del&gt;and this&lt;/del&gt;.&lt;/p&gt;
&lt;p&gt;Code can also be shown in a block element.&lt;/p&gt;
&lt;pre tabindex=&#34;0&#34;&gt;&lt;code&gt;foo := &amp;#34;bar&amp;#34;;
bar := &amp;#34;foo&amp;#34;;
&lt;/code&gt;&lt;/pre&gt;&lt;p&gt;Code can also use syntax highlighting.&lt;/p&gt;
&lt;div class=&#34;highlight&#34;&gt;&lt;pre tabindex=&#34;0&#34; style=&#34;background-color:#f8f8f8;-moz-tab-size:4;-o-tab-size:4;tab-size:4;&#34;&gt;&lt;code class=&#34;language-go&#34; data-lang=&#34;go&#34;&gt;&lt;span style=&#34;display:flex;&#34;&gt;&lt;span&gt;&lt;span style=&#34;color:#204a87;font-weight:bold&#34;&gt;func&lt;/span&gt; &lt;span style=&#34;color:#000&#34;&gt;main&lt;/span&gt;&lt;span style=&#34;color:#000;font-weight:bold&#34;&gt;()&lt;/span&gt; &lt;span style=&#34;color:#000;font-weight:bold&#34;&gt;{&lt;/span&gt;
&lt;/span&gt;&lt;/span&gt;&lt;span style=&#34;display:flex;&#34;&gt;&lt;span&gt;  &lt;span style=&#34;color:#000&#34;&gt;input&lt;/span&gt; &lt;span style=&#34;color:#ce5c00;font-weight:bold&#34;&gt;:=&lt;/span&gt; &lt;span style=&#34;color:#4e9a06&#34;&gt;`var foo = &amp;#34;bar&amp;#34;;`&lt;/span&gt;
&lt;/span&gt;&lt;/span&gt;&lt;span style=&#34;display:flex;&#34;&gt;&lt;span&gt;
&lt;/span&gt;&lt;/span&gt;&lt;span style=&#34;display:flex;&#34;&gt;&lt;span&gt;  &lt;span style=&#34;color:#000&#34;&gt;lexer&lt;/span&gt; &lt;span style=&#34;color:#ce5c00;font-weight:bold&#34;&gt;:=&lt;/span&gt; &lt;span style=&#34;color:#000&#34;&gt;lexers&lt;/span&gt;&lt;span style=&#34;color:#000;font-weight:bold&#34;&gt;.&lt;/span&gt;&lt;span style=&#34;color:#000&#34;&gt;Get&lt;/span&gt;&lt;span style=&#34;color:#000;font-weight:bold&#34;&gt;(&lt;/span&gt;&lt;span style=&#34;color:#4e9a06&#34;&gt;&amp;#34;javascript&amp;#34;&lt;/span&gt;&lt;span style=&#34;color:#000;font-weight:bold&#34;&gt;)&lt;/span&gt;
&lt;/span&gt;&lt;/span&gt;&lt;span style=&#34;display:flex;&#34;&gt;&lt;span&gt;  &lt;span style=&#34;color:#000&#34;&gt;iterator&lt;/span&gt;&lt;span style=&#34;color:#000;font-weight:bold&#34;&gt;,&lt;/span&gt; &lt;span style=&#34;color:#000&#34;&gt;_&lt;/span&gt; &lt;span style=&#34;color:#ce5c00;font-weight:bold&#34;&gt;:=&lt;/span&gt; &lt;span style=&#34;color:#000&#34;&gt;lexer&lt;/span&gt;&lt;span style=&#34;color:#000;font-weight:bold&#34;&gt;.&lt;/span&gt;&lt;span style=&#34;color:#000&#34;&gt;Tokenise&lt;/span&gt;&lt;span style=&#34;color:#000;font-weight:bold&#34;&gt;(&lt;/span&gt;&lt;span style=&#34;color:#204a87;font-weight:bold&#34;&gt;nil&lt;/span&gt;&lt;span style=&#34;color:#000;font-weight:bold&#34;&gt;,&lt;/span&gt; &lt;span style=&#34;color:#000&#34;&gt;input&lt;/span&gt;&lt;span style=&#34;color:#000;font-weight:bold&#34;&gt;)&lt;/span&gt;
&lt;/span&gt;&lt;/span&gt;&lt;span style=&#34;display:flex;&#34;&gt;&lt;span&gt;  &lt;span style=&#34;color:#000&#34;&gt;style&lt;/span&gt; &lt;span style=&#34;color:#ce5c00;font-weight:bold&#34;&gt;:=&lt;/span&gt; &lt;span style=&#34;color:#000&#34;&gt;styles&lt;/span&gt;&lt;span style=&#34;color:#000;font-weight:bold&#34;&gt;.&lt;/span&gt;&lt;span style=&#34;color:#000&#34;&gt;Get&lt;/span&gt;&lt;span style=&#34;color:#000;font-weight:bold&#34;&gt;(&lt;/span&gt;&lt;span style=&#34;color:#4e9a06&#34;&gt;&amp;#34;github&amp;#34;&lt;/span&gt;&lt;span style=&#34;color:#000;font-weight:bold&#34;&gt;)&lt;/span&gt;
&lt;/span&gt;&lt;/span&gt;&lt;span style=&#34;display:flex;&#34;&gt;&lt;span&gt;  &lt;span style=&#34;color:#000&#34;&gt;formatter&lt;/span&gt; &lt;span style=&#34;color:#ce5c00;font-weight:bold&#34;&gt;:=&lt;/span&gt; &lt;span style=&#34;color:#000&#34;&gt;html&lt;/span&gt;&lt;span style=&#34;color:#000;font-weight:bold&#34;&gt;.&lt;/span&gt;&lt;span style=&#34;color:#000&#34;&gt;New&lt;/span&gt;&lt;span style=&#34;color:#000;font-weight:bold&#34;&gt;(&lt;/span&gt;&lt;span style=&#34;color:#000&#34;&gt;html&lt;/span&gt;&lt;span style=&#34;color:#000;font-weight:bold&#34;&gt;.&lt;/span&gt;&lt;span style=&#34;color:#000&#34;&gt;WithLineNumbers&lt;/span&gt;&lt;span style=&#34;color:#000;font-weight:bold&#34;&gt;())&lt;/span&gt;
&lt;/span&gt;&lt;/span&gt;&lt;span style=&#34;display:flex;&#34;&gt;&lt;span&gt;
&lt;/span&gt;&lt;/span&gt;&lt;span style=&#34;display:flex;&#34;&gt;&lt;span&gt;  &lt;span style=&#34;color:#204a87;font-weight:bold&#34;&gt;var&lt;/span&gt; &lt;span style=&#34;color:#000&#34;&gt;buff&lt;/span&gt; &lt;span style=&#34;color:#000&#34;&gt;bytes&lt;/span&gt;&lt;span style=&#34;color:#000;font-weight:bold&#34;&gt;.&lt;/span&gt;&lt;span style=&#34;color:#000&#34;&gt;Buffer&lt;/span&gt;
&lt;/span&gt;&lt;/span&gt;&lt;span style=&#34;display:flex;&#34;&gt;&lt;span&gt;  &lt;span style=&#34;color:#000&#34;&gt;formatter&lt;/span&gt;&lt;span style=&#34;color:#000;font-weight:bold&#34;&gt;.&lt;/span&gt;&lt;span style=&#34;color:#000&#34;&gt;Format&lt;/span&gt;&lt;span style=&#34;color:#000;font-weight:bold&#34;&gt;(&lt;/span&gt;&lt;span style=&#34;color:#ce5c00;font-weight:bold&#34;&gt;&amp;amp;&lt;/span&gt;&lt;span style=&#34;color:#000&#34;&gt;buff&lt;/span&gt;&lt;span style=&#34;color:#000;font-weight:bold&#34;&gt;,&lt;/span&gt; &lt;span style=&#34;color:#000&#34;&gt;style&lt;/span&gt;&lt;span style=&#34;color:#000;font-weight:bold&#34;&gt;,&lt;/span&gt; &lt;span style=&#34;color:#000&#34;&gt;iterator&lt;/span&gt;&lt;span style=&#34;color:#000;font-weight:bold&#34;&gt;)&lt;/span&gt;
&lt;/span&gt;&lt;/span&gt;&lt;span style=&#34;display:flex;&#34;&gt;&lt;span&gt;
&lt;/span&gt;&lt;/span&gt;&lt;span style=&#34;display:flex;&#34;&gt;&lt;span&gt;  &lt;span style=&#34;color:#000&#34;&gt;fmt&lt;/span&gt;&lt;span style=&#34;color:#000;font-weight:bold&#34;&gt;.&lt;/span&gt;&lt;span style=&#34;color:#000&#34;&gt;Println&lt;/span&gt;&lt;span style=&#34;color:#000;font-weight:bold&#34;&gt;(&lt;/span&gt;&lt;span style=&#34;color:#000&#34;&gt;buff&lt;/span&gt;&lt;span style=&#34;color:#000;font-weight:bold&#34;&gt;.&lt;/span&gt;&lt;span style=&#34;color:#000&#34;&gt;String&lt;/span&gt;&lt;span style=&#34;color:#000;font-weight:bold&#34;&gt;())&lt;/span&gt;
&lt;/span&gt;&lt;/span&gt;&lt;span style=&#34;display:flex;&#34;&gt;&lt;span&gt;&lt;span style=&#34;color:#000;font-weight:bold&#34;&gt;}&lt;/span&gt;
&lt;/span&gt;&lt;/span&gt;&lt;/code&gt;&lt;/pre&gt;&lt;/div&gt;&lt;pre tabindex=&#34;0&#34;&gt;&lt;code&gt;Long, single-line code blocks should not wrap. They should horizontally scroll if they are too long. This line should be long enough to demonstrate this.
&lt;/code&gt;&lt;/pre&gt;&lt;p&gt;Inline code inside table cells should still be distinguishable.&lt;/p&gt;
&lt;table&gt;
&lt;thead&gt;
&lt;tr&gt;
&lt;th&gt;Language&lt;/th&gt;
&lt;th&gt;Code&lt;/th&gt;
&lt;/tr&gt;
&lt;/thead&gt;
&lt;tbody&gt;
&lt;tr&gt;
&lt;td&gt;Javascript&lt;/td&gt;
&lt;td&gt;&lt;code&gt;var foo = &amp;quot;bar&amp;quot;;&lt;/code&gt;&lt;/td&gt;
&lt;/tr&gt;
&lt;tr&gt;
&lt;td&gt;Ruby&lt;/td&gt;
&lt;td&gt;&lt;code&gt;foo = &amp;quot;bar&amp;quot;{&lt;/code&gt;&lt;/td&gt;
&lt;/tr&gt;
&lt;/tbody&gt;
&lt;/table&gt;
&lt;hr&gt;
&lt;p&gt;Small images should be shown at their actual size.&lt;/p&gt;
&lt;p&gt;&lt;img src=&#34;https://placekitten.com/g/300/200/&#34; alt=&#34;&#34;&gt;&lt;/p&gt;
&lt;p&gt;Large images should always scale down and fit in the content container.&lt;/p&gt;
&lt;p&gt;&lt;img src=&#34;https://placekitten.com/g/1200/800/&#34; alt=&#34;&#34;&gt;&lt;/p&gt;
&lt;h2 id=&#34;components&#34;&gt;Components&lt;/h2&gt;
&lt;h3 id=&#34;alerts&#34;&gt;Alerts&lt;/h3&gt;
&lt;p&gt;

&lt;div class=&#34;alert alert-primary&#34; role=&#34;alert&#34;&gt;


    This is an alert.

&lt;/div&gt;



&lt;div class=&#34;alert alert-primary&#34; role=&#34;alert&#34;&gt;
&lt;h4 class=&#34;alert-heading&#34;&gt;Note:&lt;/h4&gt;

    This is an alert with a title.

&lt;/div&gt;



&lt;div class=&#34;alert alert-primary&#34; role=&#34;alert&#34;&gt;


    This is a successful alert.

&lt;/div&gt;



&lt;div class=&#34;alert alert-primary&#34; role=&#34;alert&#34;&gt;


    This is a warning!

&lt;/div&gt;



&lt;div class=&#34;alert alert-primary&#34; role=&#34;alert&#34;&gt;
&lt;h4 class=&#34;alert-heading&#34;&gt;Warning!&lt;/h4&gt;

    This is a warning with a title!

&lt;/div&gt;
&lt;/p&gt;
&lt;h2 id=&#34;sizing&#34;&gt;Sizing&lt;/h2&gt;
&lt;p&gt;Add some sections here to see how the ToC looks like. Bacon ipsum dolor sit amet t-bone doner shank drumstick, pork belly porchetta chuck sausage brisket ham hock rump pig. Chuck kielbasa leberkas, pork bresaola ham hock filet mignon cow shoulder short ribs biltong.&lt;/p&gt;
&lt;h3 id=&#34;parameters-available&#34;&gt;Parameters available&lt;/h3&gt;
&lt;p&gt;Bacon ipsum dolor sit amet t-bone doner shank drumstick, pork belly porchetta chuck sausage brisket ham hock rump pig. Chuck kielbasa leberkas, pork bresaola ham hock filet mignon cow shoulder short ribs biltong.&lt;/p&gt;
&lt;h3 id=&#34;using-pixels&#34;&gt;Using pixels&lt;/h3&gt;
&lt;p&gt;Bacon ipsum dolor sit amet t-bone doner shank drumstick, pork belly porchetta chuck sausage brisket ham hock rump pig. Chuck kielbasa leberkas, pork bresaola ham hock filet mignon cow shoulder short ribs biltong.&lt;/p&gt;
&lt;h3 id=&#34;using-rem&#34;&gt;Using rem&lt;/h3&gt;
&lt;p&gt;Bacon ipsum dolor sit amet t-bone doner shank drumstick, pork belly porchetta chuck sausage brisket ham hock rump pig. Chuck kielbasa leberkas, pork bresaola ham hock filet mignon cow shoulder short ribs biltong.&lt;/p&gt;
&lt;h2 id=&#34;memory&#34;&gt;Memory&lt;/h2&gt;
&lt;p&gt;Bacon ipsum dolor sit amet t-bone doner shank drumstick, pork belly porchetta chuck sausage brisket ham hock rump pig. Chuck kielbasa leberkas, pork bresaola ham hock filet mignon cow shoulder short ribs biltong.&lt;/p&gt;
&lt;h3 id=&#34;ram-to-use&#34;&gt;RAM to use&lt;/h3&gt;
&lt;p&gt;Bacon ipsum dolor sit amet t-bone doner shank drumstick, pork belly porchetta chuck sausage brisket ham hock rump pig. Chuck kielbasa leberkas, pork bresaola ham hock filet mignon cow shoulder short ribs biltong.&lt;/p&gt;
&lt;h3 id=&#34;more-is-better&#34;&gt;More is better&lt;/h3&gt;
&lt;p&gt;Bacon ipsum dolor sit amet t-bone doner shank drumstick, pork belly porchetta chuck sausage brisket ham hock rump pig. Chuck kielbasa leberkas, pork bresaola ham hock filet mignon cow shoulder short ribs biltong.&lt;/p&gt;
&lt;h3 id=&#34;used-ram&#34;&gt;Used RAM&lt;/h3&gt;
&lt;p&gt;Bacon ipsum dolor sit amet t-bone doner shank drumstick, pork belly porchetta chuck sausage brisket ham hock rump pig. Chuck kielbasa leberkas, pork bresaola ham hock filet mignon cow shoulder short ribs biltong.&lt;/p&gt;
&lt;pre tabindex=&#34;0&#34;&gt;&lt;code&gt;This is the final element on the page and there should be no margin below this.
&lt;/code&gt;&lt;/pre&gt;
      </description>
    </item>
    
    <item>
      <title>Blog: Another Great Release</title>
      <link>/blog/2018/01/04/another-great-release/</link>
      <pubDate>Thu, 04 Jan 2018 00:00:00 +0000</pubDate>
      
      <guid>/blog/2018/01/04/another-great-release/</guid>
      <description>
        
        
        &lt;p&gt;Text can be &lt;strong&gt;bold&lt;/strong&gt;, &lt;em&gt;italic&lt;/em&gt;, or &lt;del&gt;strikethrough&lt;/del&gt;. &lt;a href=&#34;https://github.com&#34;&gt;Links&lt;/a&gt; should be blue with no underlines (unless hovered over).&lt;/p&gt;
&lt;p&gt;There should be whitespace between paragraphs. There should be whitespace between paragraphs. There should be whitespace between paragraphs. There should be whitespace between paragraphs.&lt;/p&gt;
&lt;p&gt;There should be whitespace between paragraphs. There should be whitespace between paragraphs. There should be whitespace between paragraphs. There should be whitespace between paragraphs.&lt;/p&gt;
&lt;blockquote&gt;
&lt;p&gt;There should be no margin above this first sentence.&lt;/p&gt;
&lt;p&gt;Blockquotes should be a lighter gray with a border along the left side in the secondary color.&lt;/p&gt;
&lt;p&gt;There should be no margin below this final sentence.&lt;/p&gt;
&lt;/blockquote&gt;
&lt;h2 id=&#34;first-header&#34;&gt;First Header&lt;/h2&gt;
&lt;p&gt;This is a normal paragraph following a header. Bacon ipsum dolor sit amet t-bone doner shank drumstick, pork belly porchetta chuck sausage brisket ham hock rump pig. Chuck kielbasa leberkas, pork bresaola ham hock filet mignon cow shoulder short ribs biltong.  Bacon ipsum dolor sit amet t-bone doner shank drumstick, pork belly porchetta chuck sausage brisket ham hock rump pig. Chuck kielbasa leberkas, pork bresaola ham hock filet mignon cow shoulder short ribs biltong.  Bacon ipsum dolor sit amet t-bone doner shank drumstick, pork belly porchetta chuck sausage brisket ham hock rump pig. Chuck kielbasa leberkas, pork bresaola ham hock filet mignon cow shoulder short ribs biltong.&lt;/p&gt;
&lt;p&gt;Bacon ipsum dolor sit amet t-bone doner shank drumstick, pork belly porchetta chuck sausage brisket ham hock rump pig. Chuck kielbasa leberkas, pork bresaola ham hock filet mignon cow shoulder short ribs biltong.&lt;/p&gt;
&lt;p&gt;On big screens, paragraphs and headings should not take up the full container width, but we want tables, code blocks and similar to take the full width.&lt;/p&gt;
&lt;p&gt;Lorem markdownum tuta hospes stabat; idem saxum facit quaterque repetito
occumbere, oves novem gestit haerebat frena; qui. Respicit recurvam erat:
pignora hinc reppulit nos &lt;strong&gt;aut&lt;/strong&gt;, aptos, ipsa.&lt;/p&gt;
&lt;p&gt;Meae optatos &lt;em&gt;passa est&lt;/em&gt; Epiros utiliter &lt;em&gt;Talibus niveis&lt;/em&gt;, hoc lata, edidit.
Dixi ad aestum.&lt;/p&gt;
&lt;h2 id=&#34;header-2&#34;&gt;Header 2&lt;/h2&gt;
&lt;blockquote&gt;
&lt;p&gt;This is a blockquote following a header. Bacon ipsum dolor sit amet t-bone doner shank drumstick, pork belly porchetta chuck sausage brisket ham hock rump pig. Chuck kielbasa leberkas, pork bresaola ham hock filet mignon cow shoulder short ribs biltong.&lt;/p&gt;
&lt;/blockquote&gt;
&lt;h3 id=&#34;header-3&#34;&gt;Header 3&lt;/h3&gt;
&lt;pre tabindex=&#34;0&#34;&gt;&lt;code&gt;This is a code block following a header.
&lt;/code&gt;&lt;/pre&gt;&lt;h4 id=&#34;header-4&#34;&gt;Header 4&lt;/h4&gt;
&lt;ul&gt;
&lt;li&gt;This is an unordered list following a header.&lt;/li&gt;
&lt;li&gt;This is an unordered list following a header.&lt;/li&gt;
&lt;li&gt;This is an unordered list following a header.&lt;/li&gt;
&lt;/ul&gt;
&lt;h5 id=&#34;header-5&#34;&gt;Header 5&lt;/h5&gt;
&lt;ol&gt;
&lt;li&gt;This is an ordered list following a header.&lt;/li&gt;
&lt;li&gt;This is an ordered list following a header.&lt;/li&gt;
&lt;li&gt;This is an ordered list following a header.&lt;/li&gt;
&lt;/ol&gt;
&lt;h6 id=&#34;header-6&#34;&gt;Header 6&lt;/h6&gt;
&lt;table&gt;
&lt;thead&gt;
&lt;tr&gt;
&lt;th&gt;What&lt;/th&gt;
&lt;th&gt;Follows&lt;/th&gt;
&lt;/tr&gt;
&lt;/thead&gt;
&lt;tbody&gt;
&lt;tr&gt;
&lt;td&gt;A table&lt;/td&gt;
&lt;td&gt;A header&lt;/td&gt;
&lt;/tr&gt;
&lt;tr&gt;
&lt;td&gt;A table&lt;/td&gt;
&lt;td&gt;A header&lt;/td&gt;
&lt;/tr&gt;
&lt;tr&gt;
&lt;td&gt;A table&lt;/td&gt;
&lt;td&gt;A header&lt;/td&gt;
&lt;/tr&gt;
&lt;/tbody&gt;
&lt;/table&gt;
&lt;hr&gt;
&lt;p&gt;There&amp;rsquo;s a horizontal rule above and below this.&lt;/p&gt;
&lt;hr&gt;
&lt;p&gt;Here is an unordered list:&lt;/p&gt;
&lt;ul&gt;
&lt;li&gt;Salt-n-Pepa&lt;/li&gt;
&lt;li&gt;Bel Biv DeVoe&lt;/li&gt;
&lt;li&gt;Kid &amp;lsquo;N Play&lt;/li&gt;
&lt;/ul&gt;
&lt;p&gt;And an ordered list:&lt;/p&gt;
&lt;ol&gt;
&lt;li&gt;Michael Jackson&lt;/li&gt;
&lt;li&gt;Michael Bolton&lt;/li&gt;
&lt;li&gt;Michael Bublé&lt;/li&gt;
&lt;/ol&gt;
&lt;p&gt;And an unordered task list:&lt;/p&gt;
&lt;ul&gt;
&lt;li&gt;&lt;input checked=&#34;&#34; disabled=&#34;&#34; type=&#34;checkbox&#34;&gt; Create a sample markdown document&lt;/li&gt;
&lt;li&gt;&lt;input checked=&#34;&#34; disabled=&#34;&#34; type=&#34;checkbox&#34;&gt; Add task lists to it&lt;/li&gt;
&lt;li&gt;&lt;input disabled=&#34;&#34; type=&#34;checkbox&#34;&gt; Take a vacation&lt;/li&gt;
&lt;/ul&gt;
&lt;p&gt;And a &amp;ldquo;mixed&amp;rdquo; task list:&lt;/p&gt;
&lt;ul&gt;
&lt;li&gt;&lt;input disabled=&#34;&#34; type=&#34;checkbox&#34;&gt; Steal underpants&lt;/li&gt;
&lt;li&gt;?&lt;/li&gt;
&lt;li&gt;&lt;input disabled=&#34;&#34; type=&#34;checkbox&#34;&gt; Profit!&lt;/li&gt;
&lt;/ul&gt;
&lt;p&gt;And a nested list:&lt;/p&gt;
&lt;ul&gt;
&lt;li&gt;Jackson 5
&lt;ul&gt;
&lt;li&gt;Michael&lt;/li&gt;
&lt;li&gt;Tito&lt;/li&gt;
&lt;li&gt;Jackie&lt;/li&gt;
&lt;li&gt;Marlon&lt;/li&gt;
&lt;li&gt;Jermaine&lt;/li&gt;
&lt;/ul&gt;
&lt;/li&gt;
&lt;li&gt;TMNT
&lt;ul&gt;
&lt;li&gt;Leonardo&lt;/li&gt;
&lt;li&gt;Michelangelo&lt;/li&gt;
&lt;li&gt;Donatello&lt;/li&gt;
&lt;li&gt;Raphael&lt;/li&gt;
&lt;/ul&gt;
&lt;/li&gt;
&lt;/ul&gt;
&lt;p&gt;Definition lists can be used with Markdown syntax. Definition terms are bold.&lt;/p&gt;
&lt;dl&gt;
&lt;dt&gt;Name&lt;/dt&gt;
&lt;dd&gt;Godzilla&lt;/dd&gt;
&lt;dt&gt;Born&lt;/dt&gt;
&lt;dd&gt;1952&lt;/dd&gt;
&lt;dt&gt;Birthplace&lt;/dt&gt;
&lt;dd&gt;Japan&lt;/dd&gt;
&lt;dt&gt;Color&lt;/dt&gt;
&lt;dd&gt;Green&lt;/dd&gt;
&lt;/dl&gt;
&lt;hr&gt;
&lt;p&gt;Tables should have bold headings and alternating shaded rows.&lt;/p&gt;
&lt;table&gt;
&lt;thead&gt;
&lt;tr&gt;
&lt;th&gt;Artist&lt;/th&gt;
&lt;th&gt;Album&lt;/th&gt;
&lt;th&gt;Year&lt;/th&gt;
&lt;/tr&gt;
&lt;/thead&gt;
&lt;tbody&gt;
&lt;tr&gt;
&lt;td&gt;Michael Jackson&lt;/td&gt;
&lt;td&gt;Thriller&lt;/td&gt;
&lt;td&gt;1982&lt;/td&gt;
&lt;/tr&gt;
&lt;tr&gt;
&lt;td&gt;Prince&lt;/td&gt;
&lt;td&gt;Purple Rain&lt;/td&gt;
&lt;td&gt;1984&lt;/td&gt;
&lt;/tr&gt;
&lt;tr&gt;
&lt;td&gt;Beastie Boys&lt;/td&gt;
&lt;td&gt;License to Ill&lt;/td&gt;
&lt;td&gt;1986&lt;/td&gt;
&lt;/tr&gt;
&lt;/tbody&gt;
&lt;/table&gt;
&lt;p&gt;If a table is too wide, it should scroll horizontally.&lt;/p&gt;
&lt;table&gt;
&lt;thead&gt;
&lt;tr&gt;
&lt;th&gt;Artist&lt;/th&gt;
&lt;th&gt;Album&lt;/th&gt;
&lt;th&gt;Year&lt;/th&gt;
&lt;th&gt;Label&lt;/th&gt;
&lt;th&gt;Awards&lt;/th&gt;
&lt;th&gt;Songs&lt;/th&gt;
&lt;/tr&gt;
&lt;/thead&gt;
&lt;tbody&gt;
&lt;tr&gt;
&lt;td&gt;Michael Jackson&lt;/td&gt;
&lt;td&gt;Thriller&lt;/td&gt;
&lt;td&gt;1982&lt;/td&gt;
&lt;td&gt;Epic Records&lt;/td&gt;
&lt;td&gt;Grammy Award for Album of the Year, American Music Award for Favorite Pop/Rock Album, American Music Award for Favorite Soul/R&amp;amp;B Album, Brit Award for Best Selling Album, Grammy Award for Best Engineered Album, Non-Classical&lt;/td&gt;
&lt;td&gt;Wanna Be Startin&amp;rsquo; Somethin&amp;rsquo;, Baby Be Mine, The Girl Is Mine, Thriller, Beat It, Billie Jean, Human Nature, P.Y.T. (Pretty Young Thing), The Lady in My Life&lt;/td&gt;
&lt;/tr&gt;
&lt;tr&gt;
&lt;td&gt;Prince&lt;/td&gt;
&lt;td&gt;Purple Rain&lt;/td&gt;
&lt;td&gt;1984&lt;/td&gt;
&lt;td&gt;Warner Brothers Records&lt;/td&gt;
&lt;td&gt;Grammy Award for Best Score Soundtrack for Visual Media, American Music Award for Favorite Pop/Rock Album, American Music Award for Favorite Soul/R&amp;amp;B Album, Brit Award for Best Soundtrack/Cast Recording, Grammy Award for Best Rock Performance by a Duo or Group with Vocal&lt;/td&gt;
&lt;td&gt;Let&amp;rsquo;s Go Crazy, Take Me With U, The Beautiful Ones, Computer Blue, Darling Nikki, When Doves Cry, I Would Die 4 U, Baby I&amp;rsquo;m a Star, Purple Rain&lt;/td&gt;
&lt;/tr&gt;
&lt;tr&gt;
&lt;td&gt;Beastie Boys&lt;/td&gt;
&lt;td&gt;License to Ill&lt;/td&gt;
&lt;td&gt;1986&lt;/td&gt;
&lt;td&gt;Mercury Records&lt;/td&gt;
&lt;td&gt;noawardsbutthistablecelliswide&lt;/td&gt;
&lt;td&gt;Rhymin &amp;amp; Stealin, The New Style, She&amp;rsquo;s Crafty, Posse in Effect, Slow Ride, Girls, (You Gotta) Fight for Your Right, No Sleep Till Brooklyn, Paul Revere, Hold It Now, Hit It, Brass Monkey, Slow and Low, Time to Get Ill&lt;/td&gt;
&lt;/tr&gt;
&lt;/tbody&gt;
&lt;/table&gt;
&lt;hr&gt;
&lt;p&gt;Code snippets like &lt;code&gt;var foo = &amp;quot;bar&amp;quot;;&lt;/code&gt; can be shown inline.&lt;/p&gt;
&lt;p&gt;Also, &lt;code&gt;this should vertically align&lt;/code&gt; &lt;del&gt;&lt;code&gt;with this&lt;/code&gt;&lt;/del&gt; &lt;del&gt;and this&lt;/del&gt;.&lt;/p&gt;
&lt;p&gt;Code can also be shown in a block element.&lt;/p&gt;
&lt;pre tabindex=&#34;0&#34;&gt;&lt;code&gt;foo := &amp;#34;bar&amp;#34;;
bar := &amp;#34;foo&amp;#34;;
&lt;/code&gt;&lt;/pre&gt;&lt;p&gt;Code can also use syntax highlighting.&lt;/p&gt;
&lt;div class=&#34;highlight&#34;&gt;&lt;pre tabindex=&#34;0&#34; style=&#34;background-color:#f8f8f8;-moz-tab-size:4;-o-tab-size:4;tab-size:4;&#34;&gt;&lt;code class=&#34;language-go&#34; data-lang=&#34;go&#34;&gt;&lt;span style=&#34;display:flex;&#34;&gt;&lt;span&gt;&lt;span style=&#34;color:#204a87;font-weight:bold&#34;&gt;func&lt;/span&gt; &lt;span style=&#34;color:#000&#34;&gt;main&lt;/span&gt;&lt;span style=&#34;color:#000;font-weight:bold&#34;&gt;()&lt;/span&gt; &lt;span style=&#34;color:#000;font-weight:bold&#34;&gt;{&lt;/span&gt;
&lt;/span&gt;&lt;/span&gt;&lt;span style=&#34;display:flex;&#34;&gt;&lt;span&gt;  &lt;span style=&#34;color:#000&#34;&gt;input&lt;/span&gt; &lt;span style=&#34;color:#ce5c00;font-weight:bold&#34;&gt;:=&lt;/span&gt; &lt;span style=&#34;color:#4e9a06&#34;&gt;`var foo = &amp;#34;bar&amp;#34;;`&lt;/span&gt;
&lt;/span&gt;&lt;/span&gt;&lt;span style=&#34;display:flex;&#34;&gt;&lt;span&gt;
&lt;/span&gt;&lt;/span&gt;&lt;span style=&#34;display:flex;&#34;&gt;&lt;span&gt;  &lt;span style=&#34;color:#000&#34;&gt;lexer&lt;/span&gt; &lt;span style=&#34;color:#ce5c00;font-weight:bold&#34;&gt;:=&lt;/span&gt; &lt;span style=&#34;color:#000&#34;&gt;lexers&lt;/span&gt;&lt;span style=&#34;color:#000;font-weight:bold&#34;&gt;.&lt;/span&gt;&lt;span style=&#34;color:#000&#34;&gt;Get&lt;/span&gt;&lt;span style=&#34;color:#000;font-weight:bold&#34;&gt;(&lt;/span&gt;&lt;span style=&#34;color:#4e9a06&#34;&gt;&amp;#34;javascript&amp;#34;&lt;/span&gt;&lt;span style=&#34;color:#000;font-weight:bold&#34;&gt;)&lt;/span&gt;
&lt;/span&gt;&lt;/span&gt;&lt;span style=&#34;display:flex;&#34;&gt;&lt;span&gt;  &lt;span style=&#34;color:#000&#34;&gt;iterator&lt;/span&gt;&lt;span style=&#34;color:#000;font-weight:bold&#34;&gt;,&lt;/span&gt; &lt;span style=&#34;color:#000&#34;&gt;_&lt;/span&gt; &lt;span style=&#34;color:#ce5c00;font-weight:bold&#34;&gt;:=&lt;/span&gt; &lt;span style=&#34;color:#000&#34;&gt;lexer&lt;/span&gt;&lt;span style=&#34;color:#000;font-weight:bold&#34;&gt;.&lt;/span&gt;&lt;span style=&#34;color:#000&#34;&gt;Tokenise&lt;/span&gt;&lt;span style=&#34;color:#000;font-weight:bold&#34;&gt;(&lt;/span&gt;&lt;span style=&#34;color:#204a87;font-weight:bold&#34;&gt;nil&lt;/span&gt;&lt;span style=&#34;color:#000;font-weight:bold&#34;&gt;,&lt;/span&gt; &lt;span style=&#34;color:#000&#34;&gt;input&lt;/span&gt;&lt;span style=&#34;color:#000;font-weight:bold&#34;&gt;)&lt;/span&gt;
&lt;/span&gt;&lt;/span&gt;&lt;span style=&#34;display:flex;&#34;&gt;&lt;span&gt;  &lt;span style=&#34;color:#000&#34;&gt;style&lt;/span&gt; &lt;span style=&#34;color:#ce5c00;font-weight:bold&#34;&gt;:=&lt;/span&gt; &lt;span style=&#34;color:#000&#34;&gt;styles&lt;/span&gt;&lt;span style=&#34;color:#000;font-weight:bold&#34;&gt;.&lt;/span&gt;&lt;span style=&#34;color:#000&#34;&gt;Get&lt;/span&gt;&lt;span style=&#34;color:#000;font-weight:bold&#34;&gt;(&lt;/span&gt;&lt;span style=&#34;color:#4e9a06&#34;&gt;&amp;#34;github&amp;#34;&lt;/span&gt;&lt;span style=&#34;color:#000;font-weight:bold&#34;&gt;)&lt;/span&gt;
&lt;/span&gt;&lt;/span&gt;&lt;span style=&#34;display:flex;&#34;&gt;&lt;span&gt;  &lt;span style=&#34;color:#000&#34;&gt;formatter&lt;/span&gt; &lt;span style=&#34;color:#ce5c00;font-weight:bold&#34;&gt;:=&lt;/span&gt; &lt;span style=&#34;color:#000&#34;&gt;html&lt;/span&gt;&lt;span style=&#34;color:#000;font-weight:bold&#34;&gt;.&lt;/span&gt;&lt;span style=&#34;color:#000&#34;&gt;New&lt;/span&gt;&lt;span style=&#34;color:#000;font-weight:bold&#34;&gt;(&lt;/span&gt;&lt;span style=&#34;color:#000&#34;&gt;html&lt;/span&gt;&lt;span style=&#34;color:#000;font-weight:bold&#34;&gt;.&lt;/span&gt;&lt;span style=&#34;color:#000&#34;&gt;WithLineNumbers&lt;/span&gt;&lt;span style=&#34;color:#000;font-weight:bold&#34;&gt;())&lt;/span&gt;
&lt;/span&gt;&lt;/span&gt;&lt;span style=&#34;display:flex;&#34;&gt;&lt;span&gt;
&lt;/span&gt;&lt;/span&gt;&lt;span style=&#34;display:flex;&#34;&gt;&lt;span&gt;  &lt;span style=&#34;color:#204a87;font-weight:bold&#34;&gt;var&lt;/span&gt; &lt;span style=&#34;color:#000&#34;&gt;buff&lt;/span&gt; &lt;span style=&#34;color:#000&#34;&gt;bytes&lt;/span&gt;&lt;span style=&#34;color:#000;font-weight:bold&#34;&gt;.&lt;/span&gt;&lt;span style=&#34;color:#000&#34;&gt;Buffer&lt;/span&gt;
&lt;/span&gt;&lt;/span&gt;&lt;span style=&#34;display:flex;&#34;&gt;&lt;span&gt;  &lt;span style=&#34;color:#000&#34;&gt;formatter&lt;/span&gt;&lt;span style=&#34;color:#000;font-weight:bold&#34;&gt;.&lt;/span&gt;&lt;span style=&#34;color:#000&#34;&gt;Format&lt;/span&gt;&lt;span style=&#34;color:#000;font-weight:bold&#34;&gt;(&lt;/span&gt;&lt;span style=&#34;color:#ce5c00;font-weight:bold&#34;&gt;&amp;amp;&lt;/span&gt;&lt;span style=&#34;color:#000&#34;&gt;buff&lt;/span&gt;&lt;span style=&#34;color:#000;font-weight:bold&#34;&gt;,&lt;/span&gt; &lt;span style=&#34;color:#000&#34;&gt;style&lt;/span&gt;&lt;span style=&#34;color:#000;font-weight:bold&#34;&gt;,&lt;/span&gt; &lt;span style=&#34;color:#000&#34;&gt;iterator&lt;/span&gt;&lt;span style=&#34;color:#000;font-weight:bold&#34;&gt;)&lt;/span&gt;
&lt;/span&gt;&lt;/span&gt;&lt;span style=&#34;display:flex;&#34;&gt;&lt;span&gt;
&lt;/span&gt;&lt;/span&gt;&lt;span style=&#34;display:flex;&#34;&gt;&lt;span&gt;  &lt;span style=&#34;color:#000&#34;&gt;fmt&lt;/span&gt;&lt;span style=&#34;color:#000;font-weight:bold&#34;&gt;.&lt;/span&gt;&lt;span style=&#34;color:#000&#34;&gt;Println&lt;/span&gt;&lt;span style=&#34;color:#000;font-weight:bold&#34;&gt;(&lt;/span&gt;&lt;span style=&#34;color:#000&#34;&gt;buff&lt;/span&gt;&lt;span style=&#34;color:#000;font-weight:bold&#34;&gt;.&lt;/span&gt;&lt;span style=&#34;color:#000&#34;&gt;String&lt;/span&gt;&lt;span style=&#34;color:#000;font-weight:bold&#34;&gt;())&lt;/span&gt;
&lt;/span&gt;&lt;/span&gt;&lt;span style=&#34;display:flex;&#34;&gt;&lt;span&gt;&lt;span style=&#34;color:#000;font-weight:bold&#34;&gt;}&lt;/span&gt;
&lt;/span&gt;&lt;/span&gt;&lt;/code&gt;&lt;/pre&gt;&lt;/div&gt;&lt;pre tabindex=&#34;0&#34;&gt;&lt;code&gt;Long, single-line code blocks should not wrap. They should horizontally scroll if they are too long. This line should be long enough to demonstrate this.
&lt;/code&gt;&lt;/pre&gt;&lt;p&gt;Inline code inside table cells should still be distinguishable.&lt;/p&gt;
&lt;table&gt;
&lt;thead&gt;
&lt;tr&gt;
&lt;th&gt;Language&lt;/th&gt;
&lt;th&gt;Code&lt;/th&gt;
&lt;/tr&gt;
&lt;/thead&gt;
&lt;tbody&gt;
&lt;tr&gt;
&lt;td&gt;Javascript&lt;/td&gt;
&lt;td&gt;&lt;code&gt;var foo = &amp;quot;bar&amp;quot;;&lt;/code&gt;&lt;/td&gt;
&lt;/tr&gt;
&lt;tr&gt;
&lt;td&gt;Ruby&lt;/td&gt;
&lt;td&gt;&lt;code&gt;foo = &amp;quot;bar&amp;quot;{&lt;/code&gt;&lt;/td&gt;
&lt;/tr&gt;
&lt;/tbody&gt;
&lt;/table&gt;
&lt;hr&gt;
&lt;p&gt;Small images should be shown at their actual size.&lt;/p&gt;
&lt;p&gt;&lt;img src=&#34;https://placekitten.com/g/300/200/&#34; alt=&#34;&#34;&gt;&lt;/p&gt;
&lt;p&gt;Large images should always scale down and fit in the content container.&lt;/p&gt;
&lt;p&gt;&lt;img src=&#34;https://placekitten.com/g/1200/800/&#34; alt=&#34;&#34;&gt;&lt;/p&gt;
&lt;h2 id=&#34;components&#34;&gt;Components&lt;/h2&gt;
&lt;h3 id=&#34;alerts&#34;&gt;Alerts&lt;/h3&gt;
&lt;p&gt;

&lt;div class=&#34;alert alert-primary&#34; role=&#34;alert&#34;&gt;


    This is an alert.

&lt;/div&gt;



&lt;div class=&#34;alert alert-primary&#34; role=&#34;alert&#34;&gt;
&lt;h4 class=&#34;alert-heading&#34;&gt;Note:&lt;/h4&gt;

    This is an alert with a title.

&lt;/div&gt;



&lt;div class=&#34;alert alert-primary&#34; role=&#34;alert&#34;&gt;


    This is a successful alert.

&lt;/div&gt;



&lt;div class=&#34;alert alert-primary&#34; role=&#34;alert&#34;&gt;


    This is a warning!

&lt;/div&gt;



&lt;div class=&#34;alert alert-primary&#34; role=&#34;alert&#34;&gt;
&lt;h4 class=&#34;alert-heading&#34;&gt;Warning!&lt;/h4&gt;

    This is a warning with a title!

&lt;/div&gt;
&lt;/p&gt;
&lt;h2 id=&#34;sizing&#34;&gt;Sizing&lt;/h2&gt;
&lt;p&gt;Add some sections here to see how the ToC looks like. Bacon ipsum dolor sit amet t-bone doner shank drumstick, pork belly porchetta chuck sausage brisket ham hock rump pig. Chuck kielbasa leberkas, pork bresaola ham hock filet mignon cow shoulder short ribs biltong.&lt;/p&gt;
&lt;h3 id=&#34;parameters-available&#34;&gt;Parameters available&lt;/h3&gt;
&lt;p&gt;Bacon ipsum dolor sit amet t-bone doner shank drumstick, pork belly porchetta chuck sausage brisket ham hock rump pig. Chuck kielbasa leberkas, pork bresaola ham hock filet mignon cow shoulder short ribs biltong.&lt;/p&gt;
&lt;h3 id=&#34;using-pixels&#34;&gt;Using pixels&lt;/h3&gt;
&lt;p&gt;Bacon ipsum dolor sit amet t-bone doner shank drumstick, pork belly porchetta chuck sausage brisket ham hock rump pig. Chuck kielbasa leberkas, pork bresaola ham hock filet mignon cow shoulder short ribs biltong.&lt;/p&gt;
&lt;h3 id=&#34;using-rem&#34;&gt;Using rem&lt;/h3&gt;
&lt;p&gt;Bacon ipsum dolor sit amet t-bone doner shank drumstick, pork belly porchetta chuck sausage brisket ham hock rump pig. Chuck kielbasa leberkas, pork bresaola ham hock filet mignon cow shoulder short ribs biltong.&lt;/p&gt;
&lt;h2 id=&#34;memory&#34;&gt;Memory&lt;/h2&gt;
&lt;p&gt;Bacon ipsum dolor sit amet t-bone doner shank drumstick, pork belly porchetta chuck sausage brisket ham hock rump pig. Chuck kielbasa leberkas, pork bresaola ham hock filet mignon cow shoulder short ribs biltong.&lt;/p&gt;
&lt;h3 id=&#34;ram-to-use&#34;&gt;RAM to use&lt;/h3&gt;
&lt;p&gt;Bacon ipsum dolor sit amet t-bone doner shank drumstick, pork belly porchetta chuck sausage brisket ham hock rump pig. Chuck kielbasa leberkas, pork bresaola ham hock filet mignon cow shoulder short ribs biltong.&lt;/p&gt;
&lt;h3 id=&#34;more-is-better&#34;&gt;More is better&lt;/h3&gt;
&lt;p&gt;Bacon ipsum dolor sit amet t-bone doner shank drumstick, pork belly porchetta chuck sausage brisket ham hock rump pig. Chuck kielbasa leberkas, pork bresaola ham hock filet mignon cow shoulder short ribs biltong.&lt;/p&gt;
&lt;h3 id=&#34;used-ram&#34;&gt;Used RAM&lt;/h3&gt;
&lt;p&gt;Bacon ipsum dolor sit amet t-bone doner shank drumstick, pork belly porchetta chuck sausage brisket ham hock rump pig. Chuck kielbasa leberkas, pork bresaola ham hock filet mignon cow shoulder short ribs biltong.&lt;/p&gt;
&lt;pre tabindex=&#34;0&#34;&gt;&lt;code&gt;This is the final element on the page and there should be no margin below this.
&lt;/code&gt;&lt;/pre&gt;
      </description>
    </item>
    
  </channel>
</rss>
