<rss version="2.0" xmlns:atom="http://www.w3.org/2005/Atom">
  <channel>
    <title>454 Bio – Categories</title>
    <link>/categories/</link>
    <description>Recent content in Categories on 454 Bio</description>
    <generator>Hugo -- gohugo.io</generator>
    <language>en</language>
    <lastBuildDate>Fri, 29 Dec 2023 00:00:00 +0000</lastBuildDate>
    
	  <atom:link href="/categories/index.xml" rel="self" type="application/rss+xml" />
    
    
      
        
      
    
    
  </channel>
</rss>
